parent,method,common_gap_relative,dual,event,primal,seconds
F0,unguided_control,,,MIPSOL,1226.4432463521212,0.01663044560700655
F0,unguided_control,1.0,0.0,MIPSOL,1217.015490556418,1.4552155314013362
F0,unguided_control,1.0,0.0,MIPSOL,1046.6002249936412,1.4644532715901732
F0,unguided_control,0.986606505468547,1.531896878775611,MIPSOL,114.37619025999015,1.9665240356698632
F0,unguided_control,0.9863912447896999,1.531896878775611,MIPSOL,112.56700962746034,1.9978852346539497
F0,unguided_control,0.9863752314427577,1.531896878775611,MIPSOL,112.43470832840896,2.056044585071504
F0,unguided_control,0.9862885377318499,1.531896878775611,MIPSOL,111.72381536096253,2.1991208493709564
F0,unguided_control,0.9862312004784828,1.531896878775611,MIPSOL,111.25856516260828,2.208500787615776
F0,unguided_control,0.9860698199741972,1.531896878775611,MIPSOL,109.96963972741851,2.2214662972837687
F0,unguided_control,0.9860375997983889,1.531896878775611,MIPSOL,109.71586952498679,2.233251791447401
F0,unguided_control,0.9850120813573638,1.531896878775611,MIPSOL,102.20877997147771,2.3429554076865315
F0,unguided_control,0.9782504806908051,1.531896878775611,MIPSOL,70.43359703715296,2.354783278889954
F0,unguided_control,0.9776612961384059,1.531896878775611,MIPSOL,68.57590701174608,2.3708017859607935
F0,unguided_control,0.977605275767767,1.531896878775611,MIPSOL,68.40436447843095,2.381207937374711
F0,unguided_control,0.9775869988012345,1.531896878775611,MIPSOL,68.34858327049854,2.552457934245467
F0,unguided_control,0.9710202874299402,1.531896878775611,MIPSOL,52.86101009705248,2.5633313106372952
F0,unguided_control,0.9692003984433446,1.531896878775611,MIPSOL,49.737555077058815,2.5798489479348063
F0,unguided_control,0.9691923397709533,1.531896878775611,MIPSOL,49.72454471992899,2.5898521253839135
F0,unguided_control,0.96889961180474,1.531896878775611,MIPSOL,49.25651953788442,2.595583613961935
F0,unguided_control,0.9521552249302566,1.531896878775611,MIPSOL,32.018059998036655,2.8095359662547708
F0,unguided_control,0.9449214201530568,1.531896878775611,MIPSOL,27.812933503960554,2.8290992518886924
F0,unguided_control,0.9443835500776601,1.531896878775611,MIPSOL,27.543952929657998,2.841691226698458
F0,unguided_control,0.9442859085882693,1.531896878775611,MIPSOL,27.495680894350336,2.847473956644535
F0,unguided_control,0.942964992777506,1.531896878775611,MIPSOL,26.85888813513553,3.1195538844913244
F0,unguided_control,0.9277104556496111,1.531896878775611,MIPSOL,21.19112649749841,3.1397050796076655
F0,unguided_control,0.926907585914234,1.531896878775611,MIPSOL,20.958356594681597,3.916166240349412
F0,unguided_control,0.9268349597742767,1.531896878775611,MIPSOL,20.937552607768925,4.010556932538748
F0,unguided_control,0.9266564267991233,1.531896878775611,MIPSOL,20.88658640314651,4.016312437132001
F0,unguided_control,0.923610551210039,1.531896878775611,MIPSOL,20.053775790262428,4.036537488922477
F0,unguided_control,0.8867664497091979,2.2297405330625923,MIPSOL,19.691518347135258,5.1959415236487985
F0,unguided_control,0.8824286771474306,2.2297405330625923,MIPSOL,18.965003361054407,5.202029295265675
F0,unguided_control,0.8824219452648714,2.2297405330625923,MIPSOL,18.963917527684842,5.274771125987172
F0,unguided_control,0.8823710034369319,2.2297405330625923,MIPSOL,18.955704785487068,5.288254457525909
F0,unguided_control,0.8816463964491176,2.2297405330625923,MIPSOL,18.839650557019045,5.293878007680178
F0,unguided_control,0.88117697852427,2.2297405330625923,MIPSOL,18.765223315904535,5.964723662473261
F0,unguided_control,0.7594910016264884,4.179360554165701,MIPSOL,17.377148391242873,24.186234954744577
F0,unguided_control,0.7594588668657708,4.179360554165701,MIPSOL,17.374826915085215,24.195224257186055
F0,unguided_control,0.7588867153513544,4.179360554165701,MIPSOL,17.333597193766977,24.852989078499377
F0,unguided_control,0.7353515547394178,4.344919379416344,MIPSOL,16.41770226588024,27.46381849423051
F0,unguided_control,0.7335991073144543,4.344919379416344,MIPSOL,16.309702777704278,27.470554447732866
F0,unguided_control,0.7278702850590592,4.344919379416344,MIPSOL,15.966354061552234,27.475560409016907
F0,unguided_control,0.7209384378762383,4.344919379416344,MIPSOL,15.569752230833588,27.48025839217007
F0,unguided_control,0.7196946808506878,4.344919379416344,MIPSOL,15.500666889242675,27.48937536869198
F0,unguided_control,0.7063504766051285,4.49026044591339,MIPSOL,15.291223339992696,31.28156329970807
F0,unguided_control,0.7054053812799391,4.49026044591339,MIPSOL,15.242167237889255,31.29689552821219
F0,unguided_control,0.7030358437396287,4.49026044591339,MIPSOL,15.12054687831225,31.503729574382305
F0,unguided_control,0.7027371536914114,4.49026044591339,MIPSOL,15.105353735501978,31.520297646522522
F0,unguided_control,0.6776702382390802,4.6975523756281845,MIPSOL,14.573746929123097,39.46743786521256
F0,unguided_control,0.6774807371386538,4.6975523756281845,MIPSOL,14.56518390235718,39.47324914764613
F0,unguided_control,0.6774322672913946,4.6975523756281845,MIPSOL,14.562995300809469,39.70846694149077
F0,unguided_control,0.6754303833368303,4.718898930798491,MIPSOL,14.538942305544408,46.48097875062376
F0,unguided_control,0.6000520126280068,4.718898930798491,MIPSOL,11.7987815410843,46.48895435035229
F0,unguided_control,0.5987703890350737,4.718898930798491,MIPSOL,11.76109340347514,46.499053969047964
F0,unguided_control,0.5891240147000761,4.718898930798491,MIPSOL,11.484971377321733,60.23370895162225
F0,unguided_control,0.5767455846634387,4.718898930798491,MIPSOL,11.14908376572077,60.241619382053614
F0,unguided_control,0.5750686624195718,4.718898930798491,MIPSOL,11.105085724362064,60.25441272929311
F0,unguided_control,0.5733369150168901,4.718898930798491,MIPSOL,11.060012213114936,62.26149346027523
F0,unguided_control,0.5707707704140772,4.718898930798491,MIPSOL,10.99388999055542,62.27228859812021
F0,unguided_control,0.5310060585653849,4.718898930798491,MIPSOL,10.061748167500319,66.5351193761453
F0,unguided_control,0.52877545538763,4.718898930798491,MIPSOL,10.014119563063645,66.54346153326333
F0,unguided_control,0.5176033027818898,4.718898930798491,MIPSOL,9.782195769605144,66.57638086378574
F0,unguided_control,0.5167331645128015,4.718898930798491,MIPSOL,9.764582595536897,66.59676179755479
F0,unguided_control,0.47924090248330026,4.718898930798491,MIPSOL,9.061577518858737,68.08785998262465
F0,unguided_control,0.43014871076948963,4.718898930798491,MIPSOL,8.28093051639943,68.14231536444277
F0,unguided_control,0.4291136001295673,4.718898930798491,MIPSOL,8.265915831712725,68.15702112019062
F0,unguided_control,0.4248457267234368,4.718898930798491,MIPSOL,8.204579449467824,68.16312767472118
F0,unguided_control,0.4177313386543335,4.718898930798491,MIPSOL,8.10433266302322,68.20046772621572
F0,unguided_control,0.3368284547993272,4.718898930798491,MIPSOL,7.115653506168714,68.2819825829938
F0,unguided_control,0.33614250980677335,4.718898930798491,MIPSOL,7.108301104541244,68.29248057026416
F0,unguided_control,0.28625456798882143,4.718898930798491,MIPSOL,6.611459379153805,68.30193649139255
F0,unguided_control,0.2601249831928724,4.718898930798491,MIPSOL,6.377967661568745,68.51792983990163
F0,unguided_control,0.2536768824237439,4.743825975003155,MIPSOL,6.3562629419936885,75.83083451539278
F0,unguided_control,0.25321722680289976,4.743825975003155,MIPSOL,6.352350570024605,76.01885214447975
F0,unguided_control,0.030951002682679044,6.007460479265299,MIPSOL,6.199336149045227,84.14393119048327
F0,unguided_control,0.024679677544184916,6.007460479265299,MIPSOL,6.1594743193074954,84.25224943645298
F0,unguided_control,0.024382213408046957,6.007460479265299,MIPSOL,6.157596306490758,84.26114832796156
F0,unguided_control,0.005809759778500906,6.106389267165729,MIPSOL,6.142073237215913,102.89725023601204
F0,unguided_control,4.346101303722874e-16,6.130863210247611,MIPSOL,6.130863210247614,103.28636127803475
F0,unguided_control,2.897400869148583e-16,6.130863210247611,terminal,6.130863210247613,103.29815630428493
F0,root_lp_matched_partial_start,,,MIPSOL,215.04765870245927,0.13979121670126915
F0,root_lp_matched_partial_start,,,MIPSOL,215.04765870245927,0.14671667851507664
F0,root_lp_matched_partial_start,1.0,0.0,MIPSOL,215.04765826144276,1.435124108567834
F0,root_lp_matched_partial_start,0.986606505468547,1.531896878775611,MIPSOL,114.37619025999015,1.9429197842255235
F0,root_lp_matched_partial_start,0.9863912447896999,1.531896878775611,MIPSOL,112.56700962746034,1.9711892064660788
F0,root_lp_matched_partial_start,0.9863752314427577,1.531896878775611,MIPSOL,112.43470832840896,2.0269814748317003
F0,root_lp_matched_partial_start,0.9862885377318499,1.531896878775611,MIPSOL,111.72381536096253,2.172537679784
F0,root_lp_matched_partial_start,0.9862312004784828,1.531896878775611,MIPSOL,111.25856516260828,2.178445770405233
F0,root_lp_matched_partial_start,0.9860698199741972,1.531896878775611,MIPSOL,109.96963972741851,2.1907151248306036
F0,root_lp_matched_partial_start,0.9860375997983889,1.531896878775611,MIPSOL,109.71586952498679,2.201634094119072
F0,root_lp_matched_partial_start,0.9850120813573638,1.531896878775611,MIPSOL,102.20877997147771,2.305744044482708
F0,root_lp_matched_partial_start,0.9782504806908051,1.531896878775611,MIPSOL,70.43359703715296,2.3161354744806886
F0,root_lp_matched_partial_start,0.9776612961384059,1.531896878775611,MIPSOL,68.57590701174608,2.3319093575701118
F0,root_lp_matched_partial_start,0.977605275767767,1.531896878775611,MIPSOL,68.40436447843095,2.3422362403944135
F0,root_lp_matched_partial_start,0.9775869988012345,1.531896878775611,MIPSOL,68.34858327049854,2.5127482414245605
F0,root_lp_matched_partial_start,0.9710202874299402,1.531896878775611,MIPSOL,52.86101009705248,2.523802112787962
F0,root_lp_matched_partial_start,0.9692003984433446,1.531896878775611,MIPSOL,49.737555077058815,2.540484732016921
F0,root_lp_matched_partial_start,0.9691923397709533,1.531896878775611,MIPSOL,49.72454471992899,2.5508186025545
F0,root_lp_matched_partial_start,0.96889961180474,1.531896878775611,MIPSOL,49.25651953788442,2.5566251454874873
F0,root_lp_matched_partial_start,0.9521552249302566,1.531896878775611,MIPSOL,32.018059998036655,2.769791723228991
F0,root_lp_matched_partial_start,0.9449214201530568,1.531896878775611,MIPSOL,27.812933503960554,2.7893259543925524
F0,root_lp_matched_partial_start,0.9443835500776601,1.531896878775611,MIPSOL,27.543952929657998,2.802054704166949
F0,root_lp_matched_partial_start,0.9442859085882693,1.531896878775611,MIPSOL,27.495680894350336,2.8078882275149226
F0,root_lp_matched_partial_start,0.942964992777506,1.531896878775611,MIPSOL,26.85888813513553,3.0833528423681855
F0,root_lp_matched_partial_start,0.9277104556496111,1.531896878775611,MIPSOL,21.19112649749841,3.1024144273251295
F0,root_lp_matched_partial_start,0.926907585914234,1.531896878775611,MIPSOL,20.958356594681597,3.8489005817100406
F0,root_lp_matched_partial_start,0.9268349597742767,1.531896878775611,MIPSOL,20.937552607768925,3.942124876193702
F0,root_lp_matched_partial_start,0.9266564267991233,1.531896878775611,MIPSOL,20.88658640314651,3.948123740963638
F0,root_lp_matched_partial_start,0.923610551210039,1.531896878775611,MIPSOL,20.053775790262428,3.967872718349099
F0,root_lp_matched_partial_start,0.8867664497091979,2.2297405330625923,MIPSOL,19.691518347135258,5.0981745310127735
F0,root_lp_matched_partial_start,0.8824286771474306,2.2297405330625923,MIPSOL,18.965003361054407,5.103985225781798
F0,root_lp_matched_partial_start,0.8824219452648714,2.2297405330625923,MIPSOL,18.963917527684842,5.176311221905053
F0,root_lp_matched_partial_start,0.8823710034369319,2.2297405330625923,MIPSOL,18.955704785487068,5.195342837832868
F0,root_lp_matched_partial_start,0.8816463964491176,2.2297405330625923,MIPSOL,18.839650557019045,5.201362584717572
F0,root_lp_matched_partial_start,0.88117697852427,2.2297405330625923,MIPSOL,18.765223315904535,5.854099677875638
F0,root_lp_matched_partial_start,0.7594910016264884,4.179360554165701,MIPSOL,17.377148391242873,24.1217436902225
F0,root_lp_matched_partial_start,0.7594588668657708,4.179360554165701,MIPSOL,17.374826915085215,24.131239457055926
F0,root_lp_matched_partial_start,0.7588867153513544,4.179360554165701,MIPSOL,17.333597193766977,24.793754931539297
F0,root_lp_matched_partial_start,0.7353515547394178,4.344919379416344,MIPSOL,16.41770226588024,27.39637308754027
F0,root_lp_matched_partial_start,0.7335991073144543,4.344919379416344,MIPSOL,16.309702777704278,27.40203548129648
F0,root_lp_matched_partial_start,0.7278702850590592,4.344919379416344,MIPSOL,15.966354061552234,27.40770824532956
F0,root_lp_matched_partial_start,0.7209384378762383,4.344919379416344,MIPSOL,15.569752230833588,27.412982390262187
F0,root_lp_matched_partial_start,0.7196946808506878,4.344919379416344,MIPSOL,15.500666889242675,27.4226537598297
F0,root_lp_matched_partial_start,0.7063504766051285,4.49026044591339,MIPSOL,15.291223339992696,31.287785383872688
F0,root_lp_matched_partial_start,0.7054053812799391,4.49026044591339,MIPSOL,15.242167237889255,31.303185208700597
F0,root_lp_matched_partial_start,0.7030358437396287,4.49026044591339,MIPSOL,15.12054687831225,31.507021902129054
F0,root_lp_matched_partial_start,0.7027371536914114,4.49026044591339,MIPSOL,15.105353735501978,31.527108752168715
F0,root_lp_matched_partial_start,0.6776702382390802,4.6975523756281845,MIPSOL,14.573746929123097,39.485491124913096
F0,root_lp_matched_partial_start,0.6774807371386538,4.6975523756281845,MIPSOL,14.56518390235718,39.4929650304839
F0,root_lp_matched_partial_start,0.6774322672913946,4.6975523756281845,MIPSOL,14.562995300809469,39.719070800580084
F0,root_lp_matched_partial_start,0.671455388130494,4.718898930798491,MIPSOL,14.36303856558993,46.46644834801555
F0,root_lp_matched_partial_start,0.6135321373703858,4.718898930798491,MIPSOL,12.21032687864404,46.474040599539876
F0,root_lp_matched_partial_start,0.6134361070671775,4.718898930798491,MIPSOL,12.20729358605292,46.48466162569821
F0,root_lp_matched_partial_start,0.5992812028168959,4.718898930798491,MIPSOL,11.776085783772809,51.60252853948623
F0,root_lp_matched_partial_start,0.5987703890350737,4.718898930798491,MIPSOL,11.76109340347514,51.61294893361628
F0,root_lp_matched_partial_start,0.5877769841660918,4.718898930798491,MIPSOL,11.447441674871975,54.366615261882544
F0,root_lp_matched_partial_start,0.5873941086305129,4.718898930798491,MIPSOL,11.436819079669256,54.37848792504519
F0,root_lp_matched_partial_start,0.4806822922204997,4.718898930798491,MIPSOL,9.08672833625406,66.94421423319727
F0,root_lp_matched_partial_start,0.48005538855010554,4.718898930798491,MIPSOL,9.07577235513525,66.99628261569887
F0,root_lp_matched_partial_start,0.26595497727354706,4.718898930798491,MIPSOL,6.4286232924394096,67.04739788174629
F0,root_lp_matched_partial_start,0.24300049579032645,4.718898930798491,MIPSOL,6.233688271335316,67.08484558854252
F0,root_lp_matched_partial_start,0.23644247043732614,4.743825975003155,MIPSOL,6.212794440937767,74.88080357853323
F0,root_lp_matched_partial_start,0.23251129816169433,4.743825975003155,MIPSOL,6.180971737617296,74.88753182440996
F0,root_lp_matched_partial_start,0.2276506984222411,4.743825975003155,MIPSOL,6.142073237215913,74.9482996398583
F0,root_lp_matched_partial_start,0.00427539964156612,6.10465131987603,MIPSOL,6.130863210247614,100.83653534017503
F0,root_lp_matched_partial_start,0.0032738392527805024,6.110791749616476,MIPSOL,6.130863210247613,110.75322075095028
F0,root_lp_matched_partial_start,1.4487004345742914e-15,6.130863210247604,terminal,6.130863210247613,110.77297262102365
F0,gnn_class_aware_partial_start,,,MIPSOL,8.332059483646166,0.2461229432374239
F0,gnn_class_aware_partial_start,,,MIPSOL,8.332059483646166,0.25589572358876467
F0,gnn_class_aware_partial_start,1.0,0.0,MIPSOL,8.303763310191233,1.8890590611845255
F0,gnn_class_aware_partial_start,1.0,0.0,MIPSOL,7.734314482359638,1.8978186687454581
F0,gnn_class_aware_partial_start,0.7974387925628762,1.5318968787756113,MIPSOL,7.562636983446699,2.9945022957399487
F0,gnn_class_aware_partial_start,0.7808710222484735,1.5318968787756113,MIPSOL,6.990845731561121,3.002779440023005
F0,gnn_class_aware_partial_start,0.6807597253089032,2.2310705341330013,MIPSOL,6.98868755294685,3.835920788347721
F0,gnn_class_aware_partial_start,0.6794189582033171,2.2310705341330013,MIPSOL,6.959458742878436,3.8413548367097974
F0,gnn_class_aware_partial_start,0.6791471629148457,2.2310705341330013,MIPSOL,6.953563366936585,4.422288099303842
F0,gnn_class_aware_partial_start,0.34996110226781657,4.520086666354348,MIP,6.953563366936585,34.715153297409415
F0,gnn_class_aware_partial_start,0.27754698483553,4.520086666354348,MIPSOL,6.256582188013054,39.62413628119975
F0,gnn_class_aware_partial_start,0.2688031660674593,4.520086666354348,MIPSOL,6.181764549012483,39.65398916974664
F0,gnn_class_aware_partial_start,0.26732366140435837,4.520086666354348,MIPSOL,6.169281616243033,39.660969962365925
F0,gnn_class_aware_partial_start,0.26593325684736785,4.520086666354348,MIPSOL,6.157596306490758,39.88685995899141
F0,gnn_class_aware_partial_start,0.2596808606723764,4.558586397948193,MIP,6.157596306490759,70.0155881261453
F0,gnn_class_aware_partial_start,0.08653354050331896,5.6247576970999535,MIP,6.157596306490759,100.20871163439006
F0,gnn_class_aware_partial_start,0.03568169680915493,5.937882822009383,MIP,6.157596306490759,130.43060147110373
F0,gnn_class_aware_partial_start,0.030591731067255504,5.969224776261868,MIP,6.157596306490759,160.6210682382807
F0,gnn_class_aware_partial_start,0.029690771474483405,5.974772521722619,MIP,6.157596306490759,191.25534041319042
F0,gnn_class_aware_partial_start,0.02569700698021467,5.98424033836612,MIPSOL,6.142073237215845,212.21799758076668
F0,gnn_class_aware_partial_start,0.023915534705850408,5.98424033836612,MIPSOL,6.130863210247618,212.44411227013916
F0,gnn_class_aware_partial_start,0.014473140554292866,6.04213036528656,MIP,6.130863210247617,242.4699462177232
F0,gnn_class_aware_partial_start,0.010823693994900074,6.064504622935306,MIP,6.130863210247617,272.4841561857611
F0,gnn_class_aware_partial_start,0.004642072732152633,6.102403297314769,MIP,6.130863210247617,302.4957254603505
F0,gnn_class_aware_partial_start,8.264760723952546e-05,6.130356509072973,MIPSOL,6.130863210247613,312.24486506637186
F0,gnn_class_aware_partial_start,8.264760723952546e-05,6.130356509072973,terminal,6.130863210247613,312.24982369784266
F3,unguided_control,,,MIPSOL,1348.4763023200971,0.017852787859737873
F3,unguided_control,1.0,0.0,MIPSOL,1338.358182902918,1.412751268595457
F3,unguided_control,1.0,0.0,MIPSOL,1166.0402355001734,1.4219793677330017
F3,unguided_control,0.9856484897059923,1.7287736889486707,MIPSOL,120.45935609094015,1.8929683128371835
F3,unguided_control,0.985613029742666,1.7287736889486707,MIPSOL,120.16245658583944,1.9206220656633377
F3,unguided_control,0.9852200868752397,1.7287736889486707,MIPSOL,116.96778420520644,1.9875137405470014
F3,unguided_control,0.9850181807026446,1.7287736889486707,MIPSOL,115.39143909270265,2.1611885335296392
F3,unguided_control,0.9842084559119444,1.7287736889486707,MIPSOL,109.47464537405659,2.167425754480064
F3,unguided_control,0.9740786279275325,1.7287736889486707,MIPSOL,66.69298539118958,2.2908198721706867
F3,unguided_control,0.9732476587937323,1.7287736889486707,MIPSOL,64.62139801594813,2.3076441325247288
F3,unguided_control,0.973213093443207,1.7287736889486707,MIPSOL,64.53801170670303,2.3181483382359147
F3,unguided_control,0.9731233755173895,1.7287736889486707,MIPSOL,64.32257481095543,2.3240052796900272
F3,unguided_control,0.9708747505670465,1.7287736889486707,MIPSOL,59.356528187967015,2.749974544160068
F3,unguided_control,0.9686877087816375,1.7287736889486707,MIPSOL,55.21070549876795,2.766644960269332
F3,unguided_control,0.9646250176389264,1.7287736889486707,MIPSOL,48.86995197066169,2.7777439253404737
F3,unguided_control,0.9644708312064497,1.7287736889486707,MIPSOL,48.65787035418903,2.7833024309948087
F3,unguided_control,0.9644707590534422,1.7287736889486707,MIPSOL,48.657771539477736,3.8184413872659206
F3,unguided_control,0.9644277095984429,1.7287736889486707,MIPSOL,48.59888608333754,3.8995988741517067
F3,unguided_control,0.9641312388346308,1.7287736889486707,MIPSOL,48.197195352756616,3.9090143563225865
F3,unguided_control,0.9461950701868415,2.378759917433589,MIPSOL,44.21081721868248,4.841148490086198
F3,unguided_control,0.9461879788416567,2.378759917433589,MIPSOL,44.20499111962414,4.849293302744627
F3,unguided_control,0.94547133528308,2.378759917433589,MIPSOL,43.62402655158867,4.855971215292811
F3,unguided_control,0.9451922137378403,2.378759917433589,MIPSOL,43.40186093368876,4.866703040897846
F3,unguided_control,0.9443542949739702,2.378759917433589,MIPSOL,42.7483112366149,4.900488254614174
F3,unguided_control,0.9435991140257306,2.378759917433589,MIPSOL,42.175931748994216,4.906234840862453
F3,unguided_control,0.9428717889650002,2.378759917433589,MIPSOL,41.638970910120705,4.941609606146812
F3,unguided_control,0.9364479495301773,2.378759917433589,MIPSOL,37.43010492734815,4.95322167314589
F3,unguided_control,0.9338356032527756,2.378759917433589,MIPSOL,35.95226487927409,5.032131841406226
F3,unguided_control,0.9248551602708351,2.378759917433589,MIPSOL,31.655665592036115,5.046812544576824
F3,unguided_control,0.9237133964147214,2.378759917433589,MIPSOL,31.181882606353604,5.05767935141921
F3,unguided_control,0.9237096933851288,2.378759917433589,MIPSOL,31.180369079417165,5.205213445238769
F3,unguided_control,0.9235522561531726,2.378759917433589,MIPSOL,31.116155922138507,5.211328600533307
F3,unguided_control,0.9232076352215144,2.378759917433589,MIPSOL,30.97651601556134,5.343811262398958
F3,unguided_control,0.9231150228775745,2.378759917433589,MIPSOL,30.939203033719366,5.34963402338326
F3,unguided_control,0.9201272965849627,2.378759917433589,MIPSOL,29.781888126072243,5.412702268920839
F3,unguided_control,0.9201063692019513,2.378759917433589,MIPSOL,29.774087041387673,5.434737837873399
F3,unguided_control,0.920053979541855,2.378759917433589,MIPSOL,29.754575697472873,5.461057581007481
F3,unguided_control,0.9200418296127284,2.378759917433589,MIPSOL,29.750054383588797,5.512705665081739
F3,unguided_control,0.8934919013918232,2.378759917433589,MIPSOL,22.334075516497577,5.5920468755066395
F3,unguided_control,0.8933907820848972,2.378759917433589,MIPSOL,22.312891548720415,5.620522245764732
F3,unguided_control,0.8916681450561559,2.378759917433589,MIPSOL,21.958083508001103,5.640685240738094
F3,unguided_control,0.8910560280772691,2.378759917433589,MIPSOL,21.834708937551312,5.649638028815389
F3,unguided_control,0.8909823368692817,2.378759917433589,MIPSOL,21.81994962212063,5.7469686614349484
F3,unguided_control,0.8491375954574101,3.0735091713313283,MIPSOL,20.372929761063478,8.330745716579258
F3,unguided_control,0.8489926621539969,3.0735091713313283,MIPSOL,20.35337630059862,8.33801831677556
F3,unguided_control,0.8468360443774718,3.0735091713313283,MIPSOL,20.06679155574942,8.67578918300569
F3,unguided_control,0.8467222899009114,3.0735091713313283,MIPSOL,20.051899061803656,8.681804170832038
F3,unguided_control,0.8395380816869801,3.0735091713313283,MIPSOL,19.15413453636832,8.754352044314146
F3,unguided_control,0.8393306789091424,3.0735091713313283,MIPSOL,19.129409089824147,8.760265797376633
F3,unguided_control,0.8393192792832389,3.0735091713313283,MIPSOL,19.128051938160866,9.108460043556988
F3,unguided_control,0.8392096820683576,3.0735091713313283,MIPSOL,19.115013956487,9.114974339492619
F3,unguided_control,0.8392090680765846,3.0735091713313283,MIPSOL,19.114940964427255,9.13164076488465
F3,unguided_control,0.7637598549517831,3.4878923002220525,MIPSOL,14.764181166203436,15.408265577629209
F3,unguided_control,0.7637010883597065,3.4878923002220525,MIPSOL,14.760509373532383,15.41670416481793
F3,unguided_control,0.7636657624440368,3.4878923002220525,MIPSOL,14.758303055417988,16.046824956312776
F3,unguided_control,0.7346537366789253,3.879132236603158,MIPSOL,14.619132706268132,21.762832621112466
F3,unguided_control,0.7344216687717918,3.879132236603158,MIPSOL,14.606358201979472,21.7723470935598
F3,unguided_control,0.7028952485438789,4.2203120058873065,MIPSOL,14.204794723757882,33.53536806628108
F3,unguided_control,0.700491333583193,4.2203120058873065,MIPSOL,14.090784271377876,33.54182153381407
F3,unguided_control,0.6834049971802968,4.2203120058873065,MIPSOL,13.330317813925571,33.54737576376647
F3,unguided_control,0.6821966930163603,4.2203120058873065,MIPSOL,13.279635274860642,33.55686934478581
F3,unguided_control,0.6753805603496215,4.2203120058873065,MIPSOL,13.000798752017637,45.27308252546936
F3,unguided_control,0.6217819844870467,4.2203120058873065,MIPSOL,11.15841084450608,45.28132368437946
F3,unguided_control,0.6206377298653349,4.2203120058873065,MIPSOL,11.124754194425268,45.29294349625707
F3,unguided_control,0.6201424818339168,4.2203120058873065,MIPSOL,11.110250038652865,47.73876027110964
F3,unguided_control,0.6131073314318426,4.2203120058873065,MIPSOL,10.908224292556815,47.74747051857412
F3,unguided_control,0.606692366089988,4.2203120058873065,MIPSOL,10.730307886301809,47.75366598460823
F3,unguided_control,0.5129637242740459,4.2203120058873065,MIPSOL,8.665292948860332,50.17758835386485
F3,unguided_control,0.5084864321685059,4.2203120058873065,MIPSOL,8.586359120271851,50.19200056511909
F3,unguided_control,0.49941574327713334,4.2203120058873065,MIPSOL,8.430772540702883,50.85961924307048
F3,unguided_control,0.49409930649067335,4.2203120058873065,MIPSOL,8.342174778634696,51.512289801612496
F3,unguided_control,0.48803121443025566,4.2203120058873065,MIPSOL,8.243299444888487,51.51888179872185
F3,unguided_control,0.42552496594482686,4.2203120058873065,MIPSOL,7.346380183132525,51.5287864767015
F3,unguided_control,0.42365073612413456,4.2203120058873065,MIPSOL,7.3224904938826825,51.94013843778521
F3,unguided_control,0.4072824339716569,4.2203120058873065,MIPSOL,7.120274896130708,52.01154741924256
F3,unguided_control,0.4056848666463057,4.2203120058873065,MIPSOL,7.101135019181273,52.01916319318116
F3,unguided_control,0.4024084656396806,4.2203120058873065,MIPSOL,7.062201793746727,52.118848929181695
F3,unguided_control,0.36092790527275137,4.2203120058873065,MIPSOL,6.603812059245843,52.12525226641446
F3,unguided_control,0.3554553142949801,4.2203120058873065,MIPSOL,6.547741529000458,52.14391234237701
F3,unguided_control,0.35188180675088726,4.2203120058873065,MIPSOL,6.511639466144679,52.149865853600204
F3,unguided_control,0.2510171606484606,4.2203120058873065,MIPSOL,5.634724567977022,52.1924291588366
F3,unguided_control,0.24812832162768325,4.2203120058873065,MIPSOL,5.613074846792493,52.2085259296
F3,unguided_control,0.2282958874495322,4.2203120058873065,MIPSOL,5.468821452744697,52.309549265541136
F3,unguided_control,0.22433754510881324,4.2203120058873065,MIPSOL,5.44091309212504,52.31970811355859
F3,unguided_control,0.19081581976970738,4.401586295828052,MIPSOL,5.4395357736422465,66.84220972377807
F3,unguided_control,3.337653318615426e-16,5.32217300548502,MIPSOL,5.322173005485018,72.07997138053179
F3,unguided_control,0.0,5.322173005485017,terminal,5.322173005485017,72.0932050421834
F3,root_lp_matched_partial_start,,,MIPSOL,205.5895145326919,0.14636679273098707
F3,root_lp_matched_partial_start,,,MIPSOL,205.5895145326919,0.1531230192631483
F3,root_lp_matched_partial_start,0.9856484897059923,1.7287736889486707,MIPSOL,120.45935609094015,1.8736236467957497
F3,root_lp_matched_partial_start,0.985613029742666,1.7287736889486707,MIPSOL,120.16245658583944,1.9059952031821012
F3,root_lp_matched_partial_start,0.9852200868752397,1.7287736889486707,MIPSOL,116.96778420520644,1.9592694379389286
F3,root_lp_matched_partial_start,0.9850181807026446,1.7287736889486707,MIPSOL,115.39143909270265,2.121895482763648
F3,root_lp_matched_partial_start,0.9842084559119444,1.7287736889486707,MIPSOL,109.47464537405659,2.1277394043281674
F3,root_lp_matched_partial_start,0.9740786279275325,1.7287736889486707,MIPSOL,66.69298539118958,2.249307773075998
F3,root_lp_matched_partial_start,0.9732476587937323,1.7287736889486707,MIPSOL,64.62139801594813,2.2658933717757463
F3,root_lp_matched_partial_start,0.973213093443207,1.7287736889486707,MIPSOL,64.53801170670303,2.2765817660838366
F3,root_lp_matched_partial_start,0.9731233755173895,1.7287736889486707,MIPSOL,64.32257481095543,2.2824755255132914
F3,root_lp_matched_partial_start,0.9708747505670465,1.7287736889486707,MIPSOL,59.356528187967015,2.706588321365416
F3,root_lp_matched_partial_start,0.9686877087816375,1.7287736889486707,MIPSOL,55.21070549876795,2.722978507168591
F3,root_lp_matched_partial_start,0.9646250176389264,1.7287736889486707,MIPSOL,48.86995197066169,2.734079359099269
F3,root_lp_matched_partial_start,0.9644708312064497,1.7287736889486707,MIPSOL,48.65787035418903,2.7398193879052997
F3,root_lp_matched_partial_start,0.9644707590534422,1.7287736889486707,MIPSOL,48.657771539477736,3.7447348553687334
F3,root_lp_matched_partial_start,0.9644277095984429,1.7287736889486707,MIPSOL,48.59888608333754,3.825753723271191
F3,root_lp_matched_partial_start,0.9641312388346308,1.7287736889486707,MIPSOL,48.197195352756616,3.8348582778126
F3,root_lp_matched_partial_start,0.9461950701868415,2.378759917433589,MIPSOL,44.21081721868248,4.732547363266349
F3,root_lp_matched_partial_start,0.9461879788416567,2.378759917433589,MIPSOL,44.20499111962414,4.73990111798048
F3,root_lp_matched_partial_start,0.94547133528308,2.378759917433589,MIPSOL,43.62402655158867,4.745785399340093
F3,root_lp_matched_partial_start,0.9451922137378403,2.378759917433589,MIPSOL,43.40186093368876,4.757085386663675
F3,root_lp_matched_partial_start,0.9443542949739702,2.378759917433589,MIPSOL,42.7483112366149,4.790497526526451
F3,root_lp_matched_partial_start,0.9435991140257306,2.378759917433589,MIPSOL,42.175931748994216,4.79642076510936
F3,root_lp_matched_partial_start,0.9428717889650002,2.378759917433589,MIPSOL,41.638970910120705,4.832021940499544
F3,root_lp_matched_partial_start,0.9364479495301773,2.378759917433589,MIPSOL,37.43010492734815,4.842061623930931
F3,root_lp_matched_partial_start,0.9338356032527756,2.378759917433589,MIPSOL,35.95226487927409,4.919413045048714
F3,root_lp_matched_partial_start,0.9248551602708351,2.378759917433589,MIPSOL,31.655665592036115,4.933908926323056
F3,root_lp_matched_partial_start,0.9237133964147214,2.378759917433589,MIPSOL,31.181882606353604,4.948958671651781
F3,root_lp_matched_partial_start,0.9237096933851288,2.378759917433589,MIPSOL,31.180369079417165,5.100531065836549
F3,root_lp_matched_partial_start,0.9235522561531726,2.378759917433589,MIPSOL,31.116155922138507,5.108892661519349
F3,root_lp_matched_partial_start,0.9232076352215144,2.378759917433589,MIPSOL,30.97651601556134,5.24287036806345
F3,root_lp_matched_partial_start,0.9231150228775745,2.378759917433589,MIPSOL,30.939203033719366,5.2490214696154
F3,root_lp_matched_partial_start,0.9201272965849627,2.378759917433589,MIPSOL,29.781888126072243,5.3128387574106455
F3,root_lp_matched_partial_start,0.9201063692019513,2.378759917433589,MIPSOL,29.774087041387673,5.335035724565387
F3,root_lp_matched_partial_start,0.920053979541855,2.378759917433589,MIPSOL,29.754575697472873,5.361662061884999
F3,root_lp_matched_partial_start,0.9200418296127284,2.378759917433589,MIPSOL,29.750054383588797,5.411812521517277
F3,root_lp_matched_partial_start,0.8934919013918232,2.378759917433589,MIPSOL,22.334075516497577,5.491529080085456
F3,root_lp_matched_partial_start,0.8933907820848972,2.378759917433589,MIPSOL,22.312891548720415,5.521009458228946
F3,root_lp_matched_partial_start,0.8916681450561559,2.378759917433589,MIPSOL,21.958083508001103,5.542623835615814
F3,root_lp_matched_partial_start,0.8910560280772691,2.378759917433589,MIPSOL,21.834708937551312,5.552838576026261
F3,root_lp_matched_partial_start,0.8909823368692817,2.378759917433589,MIPSOL,21.81994962212063,5.655649082735181
F3,root_lp_matched_partial_start,0.8491375954574101,3.0735091713313283,MIPSOL,20.372929761063478,8.223938347771764
F3,root_lp_matched_partial_start,0.8489926621539969,3.0735091713313283,MIPSOL,20.35337630059862,8.22974992915988
F3,root_lp_matched_partial_start,0.8468360443774718,3.0735091713313283,MIPSOL,20.06679155574942,8.564532230608165
F3,root_lp_matched_partial_start,0.8467222899009114,3.0735091713313283,MIPSOL,20.051899061803656,8.570500832051039
F3,root_lp_matched_partial_start,0.8395380816869801,3.0735091713313283,MIPSOL,19.15413453636832,8.64312877226621
F3,root_lp_matched_partial_start,0.8393306789091424,3.0735091713313283,MIPSOL,19.129409089824147,8.648899937979877
F3,root_lp_matched_partial_start,0.8393192792832389,3.0735091713313283,MIPSOL,19.128051938160866,8.996786937117577
F3,root_lp_matched_partial_start,0.8392096820683576,3.0735091713313283,MIPSOL,19.115013956487,9.003110947087407
F3,root_lp_matched_partial_start,0.8392090680765846,3.0735091713313283,MIPSOL,19.114940964427255,9.016439645551145
F3,root_lp_matched_partial_start,0.7637598549517831,3.4878923002220525,MIPSOL,14.764181166203436,15.29207273479551
F3,root_lp_matched_partial_start,0.7637010883597065,3.4878923002220525,MIPSOL,14.760509373532383,15.301674138754606
F3,root_lp_matched_partial_start,0.7636657624440368,3.4878923002220525,MIPSOL,14.758303055417988,15.911462530493736
F3,root_lp_matched_partial_start,0.7346537366789253,3.879132236603158,MIPSOL,14.619132706268132,21.628167625516653
F3,root_lp_matched_partial_start,0.7344216687717918,3.879132236603158,MIPSOL,14.606358201979472,21.637453846633434
F3,root_lp_matched_partial_start,0.7028952485438789,4.2203120058873065,MIPSOL,14.204794723757882,33.16700796969235
F3,root_lp_matched_partial_start,0.700491333583193,4.2203120058873065,MIPSOL,14.090784271377876,33.17375776451081
F3,root_lp_matched_partial_start,0.6834049971802968,4.2203120058873065,MIPSOL,13.330317813925571,33.17931805085391
F3,root_lp_matched_partial_start,0.6821966930163603,4.2203120058873065,MIPSOL,13.279635274860642,33.189080975949764
F3,root_lp_matched_partial_start,0.6753805603496215,4.2203120058873065,MIPSOL,13.000798752017637,44.89162411540747
F3,root_lp_matched_partial_start,0.6217819844870467,4.2203120058873065,MIPSOL,11.15841084450608,44.900225141085684
F3,root_lp_matched_partial_start,0.6206377298653349,4.2203120058873065,MIPSOL,11.124754194425268,44.9122578445822
F3,root_lp_matched_partial_start,0.6201424818339168,4.2203120058873065,MIPSOL,11.110250038652865,47.46491025015712
F3,root_lp_matched_partial_start,0.6131073314318426,4.2203120058873065,MIPSOL,10.908224292556815,47.47355578094721
F3,root_lp_matched_partial_start,0.606692366089988,4.2203120058873065,MIPSOL,10.730307886301809,47.48341877385974
F3,root_lp_matched_partial_start,0.5129637242740459,4.2203120058873065,MIPSOL,8.665292948860332,49.85798112209886
F3,root_lp_matched_partial_start,0.5084864321685059,4.2203120058873065,MIPSOL,8.586359120271851,49.87235165853053
F3,root_lp_matched_partial_start,0.49941574327713334,4.2203120058873065,MIPSOL,8.430772540702883,50.55210030358285
F3,root_lp_matched_partial_start,0.46380024774038175,4.2203120058873065,MIPSOL,7.870783207381841,52.10067301802337
F3,root_lp_matched_partial_start,0.41744227864119166,4.2203120058873065,MIPSOL,7.244452954882279,52.11874315608293
F3,root_lp_matched_partial_start,0.4149403570282726,4.2203120058873065,MIPSOL,7.2134731160926275,52.13369429577142
F3,root_lp_matched_partial_start,0.413235834011441,4.2203120058873065,MIPSOL,7.19251830720964,52.14031858369708
F3,root_lp_matched_partial_start,0.35204670955808515,4.2203120058873065,MIPSOL,6.513296665271943,52.40801640227437
F3,root_lp_matched_partial_start,0.34912085139990906,4.2203120058873065,MIPSOL,6.484017831826909,52.41908164601773
F3,root_lp_matched_partial_start,0.23262083968468408,4.2203120058873065,MIPSOL,5.499643753881955,52.54823140054941
F3,root_lp_matched_partial_start,0.22694956036128858,4.2203120058873065,MIPSOL,5.45929707750983,52.566298669204116
F3,root_lp_matched_partial_start,0.22554815880350693,4.2203120058873065,MIPSOL,5.449418261266079,52.7723218947649
F3,root_lp_matched_partial_start,0.21311006325627568,4.284136418414544,MIPSOL,5.444390909538101,53.935616684146225
F3,root_lp_matched_partial_start,3.337653318615426e-16,5.32217300548502,MIPSOL,5.322173005485018,73.02677478268743
F3,root_lp_matched_partial_start,0.0,5.322173005485017,terminal,5.322173005485017,73.04128364659846
F3,gnn_class_aware_partial_start,,,MIPSOL,6.663259012918179,0.14467529486864805
F3,gnn_class_aware_partial_start,,,MIPSOL,6.663259012918179,0.15408542845398188
F3,gnn_class_aware_partial_start,1.0,0.0,MIPSOL,6.529343305401744,1.7104220520704985
F3,gnn_class_aware_partial_start,1.0,0.0,MIPSOL,6.177442540386004,1.718795407563448
F3,gnn_class_aware_partial_start,0.7159883491907841,1.7287736889486707,MIPSOL,6.086981586927822,2.3253545155748725
F3,gnn_class_aware_partial_start,0.6902642862542493,1.7287736889486707,MIPSOL,5.58144770598766,2.3335449704900384
F3,gnn_class_aware_partial_start,0.5719000951709208,2.3773899784373866,MIPSOL,5.5533532047538525,3.9323177440091968
F3,gnn_class_aware_partial_start,0.16686119883452674,4.520302827302725,MIPSOL,5.425629944229339,20.951750916428864
F3,gnn_class_aware_partial_start,0.16662134513737673,4.520302827302725,MIPSOL,5.424068400273422,20.96065049059689
F3,gnn_class_aware_partial_start,0.15678973160751333,4.540572699079939,MIPSOL,5.384864095329602,22.539711229503155
F3,gnn_class_aware_partial_start,0.14913396658434205,4.540572699079939,MIPSOL,5.336413161132519,22.581975121051073
F3,gnn_class_aware_partial_start,0.1032770402497682,4.772514729781312,MIPSOL,5.322173005485018,29.91908775549382
F3,gnn_class_aware_partial_start,0.0,5.322173005485017,terminal,5.322173005485017,40.26630851440132
F6,unguided_control,,,MIPSOL,1280.80825454961,0.016287006437778473
F6,unguided_control,1.0,0.0,MIPSOL,1271.2031830132566,1.4391341367736459
F6,unguided_control,1.0,0.0,MIPSOL,1056.55918869864,1.4482476944103837
F6,unguided_control,0.988440435682459,1.620210065698973,MIPSOL,140.1618626093381,1.894457807764411
F6,unguided_control,0.9884198102729026,1.620210065698973,MIPSOL,139.91222111911745,1.9223183672875166
F6,unguided_control,0.9882934910238775,1.620210065698973,MIPSOL,138.40249633803617,1.977690326049924
F6,unguided_control,0.9882860656487709,1.620210065698973,MIPSOL,138.3147640339107,2.1304875686764717
F6,unguided_control,0.9882851184708372,1.620210065698973,MIPSOL,138.30358093384564,2.139126411639154
F6,unguided_control,0.9882420246701754,1.620210065698973,MIPSOL,137.7966886517662,2.145742409862578
F6,unguided_control,0.9880602973386795,1.620210065698973,MIPSOL,135.69936468751195,2.155240850523114
F6,unguided_control,0.9879762267422447,1.620210065698973,MIPSOL,134.75055051075174,2.2742357896640897
F6,unguided_control,0.981991411818196,1.620210065698973,MIPSOL,89.96874432033759,2.2848368724808097
F6,unguided_control,0.9817039734980326,1.620210065698973,MIPSOL,88.55529726767435,2.3004793636500835
F6,unguided_control,0.9699322077635,1.620210065698973,MIPSOL,53.88523550233112,2.482991950586438
F6,unguided_control,0.9692187506115713,1.620210065698973,MIPSOL,52.63626713956701,2.501120646484196
F6,unguided_control,0.9635803002798548,1.620210065698973,MIPSOL,44.48718902541533,2.5075771464034915
F6,unguided_control,0.963426083592403,1.620210065698973,MIPSOL,44.2996054248767,2.5176366083323956
F6,unguided_control,0.9615529980317107,1.620210065698973,MIPSOL,42.14138899660639,2.523235909640789
F6,unguided_control,0.946217798689598,1.620210065698973,MIPSOL,30.125395134869837,2.762396623380482
F6,unguided_control,0.9382920433653092,1.620210065698973,MIPSOL,26.256096523995573,2.7799020716920495
F6,unguided_control,0.9378160225665632,1.620210065698973,MIPSOL,26.055105070004313,2.792203117161989
F6,unguided_control,0.9376886178236301,1.620210065698973,MIPSOL,26.001831593352115,2.7977998005226254
F6,unguided_control,0.9314124678182322,1.620210065698973,MIPSOL,23.62251584450012,3.054408141411841
F6,unguided_control,0.9128144822297234,1.620210065698973,MIPSOL,18.583477016997623,3.072333535179496
F6,unguided_control,0.9128105875568784,1.620210065698973,MIPSOL,18.58264690974863,3.0881717149168253
F6,unguided_control,0.9123480702503015,1.620210065698973,MIPSOL,18.484590930578428,3.0936858877539635
F6,unguided_control,0.9122677262161107,1.620210065698973,MIPSOL,18.46766299127313,3.9226590106263757
F6,unguided_control,0.9119814024982966,1.620210065698973,MIPSOL,18.40758784718897,3.9283285178244114
F6,unguided_control,0.9119706498215057,1.620210065698973,MIPSOL,18.40533938298674,3.933030355721712
F6,unguided_control,0.9115598335491072,1.620210065698973,MIPSOL,18.319844146817715,3.940371264703572
F6,unguided_control,0.9114857244397004,1.620210065698973,MIPSOL,18.304505747157357,3.94827925786376
F6,unguided_control,0.9018434473622835,1.620210065698973,MIPSOL,16.506387216745118,3.9570634653791785
F6,unguided_control,0.8615738040740248,2.2625912360742637,MIPSOL,16.345108820907047,5.032871342264116
F6,unguided_control,0.8605492401724314,2.2625912360742637,MIPSOL,16.22501905957319,5.03878971375525
F6,unguided_control,0.8605129810205566,2.2625912360742637,MIPSOL,16.22080142387809,5.121153102256358
F6,unguided_control,0.8601648540134859,2.2625912360742637,MIPSOL,16.180418879045416,5.127003323286772
F6,unguided_control,0.8599811690150851,2.2625912360742637,MIPSOL,16.159192446893293,5.7328142542392015
F6,unguided_control,0.7978232467488648,3.0468354312743204,MIPSOL,15.070157089176691,8.521318659186363
F6,unguided_control,0.7968607756929257,3.0468354312743204,MIPSOL,14.998754876943845,8.53052132949233
F6,unguided_control,0.7968551328013663,3.0468354312743204,MIPSOL,14.998338246445314,9.241904676891863
F6,unguided_control,0.7522821208009289,3.5314005445576466,MIPSOL,14.255735419564695,16.59044790547341
F6,unguided_control,0.7507539600044311,3.5314005445576466,MIPSOL,14.168331599653209,16.600451949052513
F6,unguided_control,0.7507343532569635,3.5314005445576466,MIPSOL,14.167217146444992,17.24156415089965
F6,unguided_control,0.711843684001882,3.854308922263367,MIPSOL,13.375757213277744,20.666577578522265
F6,unguided_control,0.7113336001862269,3.854308922263367,MIPSOL,13.352121773610964,20.67228307016194
F6,unguided_control,0.7112447479712235,3.854308922263367,MIPSOL,13.348013222904978,20.744663919322193
F6,unguided_control,0.707526949116023,3.854308922263367,MIPSOL,13.178338690057151,20.9907354041934
F6,unguided_control,0.7066061702020975,3.854308922263367,MIPSOL,13.136980163892055,20.99651667382568
F6,unguided_control,0.7064883577114542,3.854308922263367,MIPSOL,13.131707118023852,21.28390853665769
F6,unguided_control,0.6897675455311171,3.988319851091884,MIPSOL,12.855907864055924,23.142511875368655
F6,unguided_control,0.665769417781649,4.086614234687657,MIPSOL,12.226930903701367,25.77216994576156
F6,unguided_control,0.6657448134463851,4.086614234687657,MIPSOL,12.226030886231767,25.805469021201134
F6,unguided_control,0.6418145522441914,4.188976707533032,MIPSOL,11.694994126028396,33.56608484964818
F6,unguided_control,0.6406545855564455,4.188976707533032,MIPSOL,11.657242695081147,33.576805830933154
F6,unguided_control,0.6406112050054372,4.188976707533032,MIPSOL,11.65583559052365,34.76350517105311
F6,unguided_control,0.629516141435882,4.188976707533032,MIPSOL,11.306772510328042,37.43845941219479
F6,unguided_control,0.6291824280230305,4.188976707533032,MIPSOL,11.296597098136436,37.444286393933
F6,unguided_control,0.5986508960457508,4.188976707533032,MIPSOL,10.437239466244192,37.45653623342514
F6,unguided_control,0.5947690284910372,4.188976707533032,MIPSOL,10.337257026368187,37.46768839005381
F6,unguided_control,0.5828278508610879,4.188976707533032,MIPSOL,10.041362339694842,40.70170547068119
F6,unguided_control,0.5808141349432329,4.188976707533032,MIPSOL,9.993124904070301,40.71447079349309
F6,unguided_control,0.5772215596900131,4.188976707533032,MIPSOL,9.908207959851543,43.25530292838812
F6,unguided_control,0.5608130209581589,4.188976707533032,MIPSOL,9.538025732620708,43.26542091090232
F6,unguided_control,0.5596178222245086,4.188976707533032,MIPSOL,9.512139498225993,43.27171561866999
F6,unguided_control,0.5589777532258438,4.188976707533032,MIPSOL,9.498334240898672,43.28124329820275
F6,unguided_control,0.5560337321901765,4.188976707533032,MIPSOL,9.435349059734003,43.2921065017581
F6,unguided_control,0.5361426410888235,4.188976707533032,MIPSOL,9.030743238322051,43.29773060884327
F6,unguided_control,0.5326747342085151,4.188976707533032,MIPSOL,8.963728294121603,43.31165430787951
F6,unguided_control,0.44198784707579036,4.188976707533032,MIPSOL,7.506963218598552,49.87546148803085
F6,unguided_control,0.4402647368699601,4.188976707533032,MIPSOL,7.48385349907789,49.88827287964523
F6,unguided_control,0.4017250944010635,4.188976707533032,MIPSOL,7.001759004649248,49.89709406439215
F6,unguided_control,0.18135574579112435,4.188976707533032,MIPSOL,5.116968311933235,49.959112524054945
F6,unguided_control,0.1619794521098867,4.280657435642998,MIPSOL,5.108057847054492,63.0045625558123
F6,unguided_control,0.15928243425000993,4.280657435642998,MIPSOL,5.091671222337665,63.01413537282497
F6,unguided_control,5.277664684569042e-16,5.04870130702128,MIPSOL,5.048701307021277,67.46595177333802
F6,unguided_control,0.0,5.048701307021278,terminal,5.048701307021278,67.47883991524577
F6,root_lp_matched_partial_start,,,MIPSOL,248.63166843428735,0.12908470537513494
F6,root_lp_matched_partial_start,,,MIPSOL,248.63166843428735,0.1361787412315607
F6,root_lp_matched_partial_start,0.988440435682459,1.620210065698973,MIPSOL,140.1618626093381,1.921769474633038
F6,root_lp_matched_partial_start,0.9884198102729026,1.620210065698973,MIPSOL,139.91222111911745,1.9504148690029979
F6,root_lp_matched_partial_start,0.9882934910238775,1.620210065698973,MIPSOL,138.40249633803617,2.0031225131824613
F6,root_lp_matched_partial_start,0.9882860656487709,1.620210065698973,MIPSOL,138.3147640339107,2.1468192292377353
F6,root_lp_matched_partial_start,0.9882851184708372,1.620210065698973,MIPSOL,138.30358093384564,2.154300643131137
F6,root_lp_matched_partial_start,0.9882420246701754,1.620210065698973,MIPSOL,137.7966886517662,2.1600212007761
F6,root_lp_matched_partial_start,0.9880602973386795,1.620210065698973,MIPSOL,135.69936468751195,2.1696319244802
F6,root_lp_matched_partial_start,0.9879762267422447,1.620210065698973,MIPSOL,134.75055051075174,2.284734300337732
F6,root_lp_matched_partial_start,0.981991411818196,1.620210065698973,MIPSOL,89.96874432033759,2.2945504803210497
F6,root_lp_matched_partial_start,0.9817039734980326,1.620210065698973,MIPSOL,88.55529726767435,2.3097856901586056
F6,root_lp_matched_partial_start,0.9699322077635,1.620210065698973,MIPSOL,53.88523550233112,2.494185356423259
F6,root_lp_matched_partial_start,0.9692187506115713,1.620210065698973,MIPSOL,52.63626713956701,2.50901185721159
F6,root_lp_matched_partial_start,0.9635803002798548,1.620210065698973,MIPSOL,44.48718902541533,2.514763470739126
F6,root_lp_matched_partial_start,0.963426083592403,1.620210065698973,MIPSOL,44.2996054248767,2.5249248314648867
F6,root_lp_matched_partial_start,0.9615529980317107,1.620210065698973,MIPSOL,42.14138899660639,2.5305674839764833
F6,root_lp_matched_partial_start,0.946217798689598,1.620210065698973,MIPSOL,30.125395134869837,2.770186304114759
F6,root_lp_matched_partial_start,0.9382920433653092,1.620210065698973,MIPSOL,26.256096523995573,2.7877229312434793
F6,root_lp_matched_partial_start,0.9378160225665632,1.620210065698973,MIPSOL,26.055105070004313,2.7998609077185392
F6,root_lp_matched_partial_start,0.9376886178236301,1.620210065698973,MIPSOL,26.001831593352115,2.8056937977671623
F6,root_lp_matched_partial_start,0.9314124678182322,1.620210065698973,MIPSOL,23.62251584450012,3.061386398039758
F6,root_lp_matched_partial_start,0.9128144822297234,1.620210065698973,MIPSOL,18.583477016997623,3.0794576350599527
F6,root_lp_matched_partial_start,0.9128105875568784,1.620210065698973,MIPSOL,18.58264690974863,3.095607740804553
F6,root_lp_matched_partial_start,0.9123480702503015,1.620210065698973,MIPSOL,18.484590930578428,3.101653601974249
F6,root_lp_matched_partial_start,0.9122677262161107,1.620210065698973,MIPSOL,18.46766299127313,3.911367212422192
F6,root_lp_matched_partial_start,0.9119814024982966,1.620210065698973,MIPSOL,18.40758784718897,3.917009665630758
F6,root_lp_matched_partial_start,0.9119706498215057,1.620210065698973,MIPSOL,18.40533938298674,3.921949843876064
F6,root_lp_matched_partial_start,0.9115598335491072,1.620210065698973,MIPSOL,18.319844146817715,3.9294431880116463
F6,root_lp_matched_partial_start,0.9114857244397004,1.620210065698973,MIPSOL,18.304505747157357,3.93788524530828
F6,root_lp_matched_partial_start,0.9018434473622835,1.620210065698973,MIPSOL,16.506387216745118,3.9467105120420456
F6,root_lp_matched_partial_start,0.8615738040740248,2.2625912360742637,MIPSOL,16.345108820907047,5.011912317015231
F6,root_lp_matched_partial_start,0.8605492401724314,2.2625912360742637,MIPSOL,16.22501905957319,5.017885433509946
F6,root_lp_matched_partial_start,0.8605129810205566,2.2625912360742637,MIPSOL,16.22080142387809,5.100873867981136
F6,root_lp_matched_partial_start,0.8601648540134859,2.2625912360742637,MIPSOL,16.180418879045416,5.10674346704036
F6,root_lp_matched_partial_start,0.8599811690150851,2.2625912360742637,MIPSOL,16.159192446893293,5.719354681670666
F6,root_lp_matched_partial_start,0.7978232467488648,3.0468354312743204,MIPSOL,15.070157089176691,8.46197955403477
F6,root_lp_matched_partial_start,0.7968607756929257,3.0468354312743204,MIPSOL,14.998754876943845,8.47033507283777
F6,root_lp_matched_partial_start,0.7968551328013663,3.0468354312743204,MIPSOL,14.998338246445314,9.180480965413153
F6,root_lp_matched_partial_start,0.7522821208009289,3.5314005445576466,MIPSOL,14.255735419564695,16.505005261860788
F6,root_lp_matched_partial_start,0.7507539600044311,3.5314005445576466,MIPSOL,14.168331599653209,16.513445485383272
F6,root_lp_matched_partial_start,0.7507343532569635,3.5314005445576466,MIPSOL,14.167217146444992,17.155066119506955
F6,root_lp_matched_partial_start,0.711843684001882,3.854308922263367,MIPSOL,13.375757213277744,20.614783914759755
F6,root_lp_matched_partial_start,0.7113336001862269,3.854308922263367,MIPSOL,13.352121773610964,20.6205859426409
F6,root_lp_matched_partial_start,0.7112447479712235,3.854308922263367,MIPSOL,13.348013222904978,20.68958666268736
F6,root_lp_matched_partial_start,0.707526949116023,3.854308922263367,MIPSOL,13.178338690057151,20.93501256313175
F6,root_lp_matched_partial_start,0.7066061702020975,3.854308922263367,MIPSOL,13.136980163892055,20.94081232883036
F6,root_lp_matched_partial_start,0.7064883577114542,3.854308922263367,MIPSOL,13.131707118023852,21.224742929451168
F6,root_lp_matched_partial_start,0.6897675455311171,3.988319851091884,MIPSOL,12.855907864055924,23.085354474373162
F6,root_lp_matched_partial_start,0.665769417781649,4.086614234687657,MIPSOL,12.226930903701367,25.684528728947043
F6,root_lp_matched_partial_start,0.6657448134463851,4.086614234687657,MIPSOL,12.226030886231767,25.713747998699546
F6,root_lp_matched_partial_start,0.6418145522441914,4.188976707533032,MIPSOL,11.694994126028396,33.474552711471915
F6,root_lp_matched_partial_start,0.6406545855564455,4.188976707533032,MIPSOL,11.657242695081147,33.48616955243051
F6,root_lp_matched_partial_start,0.6406112050054372,4.188976707533032,MIPSOL,11.65583559052365,34.67036755383015
F6,root_lp_matched_partial_start,0.629516141435882,4.188976707533032,MIPSOL,11.306772510328042,37.318277111276984
F6,root_lp_matched_partial_start,0.6291824280230305,4.188976707533032,MIPSOL,11.296597098136436,37.3241663640365
F6,root_lp_matched_partial_start,0.5986508960457508,4.188976707533032,MIPSOL,10.437239466244192,37.33653729874641
F6,root_lp_matched_partial_start,0.5947690284910372,4.188976707533032,MIPSOL,10.337257026368187,37.34740511327982
F6,root_lp_matched_partial_start,0.5828278508610879,4.188976707533032,MIPSOL,10.041362339694842,40.56654535420239
F6,root_lp_matched_partial_start,0.5808141349432329,4.188976707533032,MIPSOL,9.993124904070301,40.581019901670516
F6,root_lp_matched_partial_start,0.5770072371225516,4.188976707533032,MIPSOL,9.903187655119964,43.275424318388104
F6,root_lp_matched_partial_start,0.5626091808313428,4.188976707533032,MIPSOL,9.577193950926917,43.28190732374787
F6,root_lp_matched_partial_start,0.5596914047745429,4.188976707533032,MIPSOL,9.513729127609002,43.29429912567139
F6,root_lp_matched_partial_start,0.532859746997038,4.188976707533032,MIPSOL,8.967278415004136,46.24523757677525
F6,root_lp_matched_partial_start,0.5324631222652116,4.188976707533032,MIPSOL,8.95967121958076,46.26148441620171
F6,root_lp_matched_partial_start,0.5261514492360202,4.188976707533032,MIPSOL,8.84032820355618,51.885526911355555
F6,root_lp_matched_partial_start,0.4993273751099004,4.188976707533032,MIPSOL,8.366698116264168,51.906256151385605
F6,root_lp_matched_partial_start,0.47886521494106193,4.188976707533032,MIPSOL,8.0381828801915,51.919248254969716
F6,root_lp_matched_partial_start,0.4786222928189285,4.188976707533032,MIPSOL,8.034437701952271,51.926945502869785
F6,root_lp_matched_partial_start,0.47820973721458704,4.188976707533032,MIPSOL,8.028085240938571,51.94023911841214
F6,root_lp_matched_partial_start,0.4127080299873898,4.188976707533032,MIPSOL,7.132698762155879,51.946321805007756
F6,root_lp_matched_partial_start,0.405906846241123,4.188976707533032,MIPSOL,7.051043562830218,51.97994501981884
F6,root_lp_matched_partial_start,0.18135574579112435,4.188976707533032,MIPSOL,5.116968311933235,52.07861081790179
F6,root_lp_matched_partial_start,0.16238719677516578,4.280657435642998,MIPSOL,5.110544417614367,65.56566403526813
F6,root_lp_matched_partial_start,0.15928243425000993,4.280657435642998,MIPSOL,5.091671222337665,65.57182347588241
F6,root_lp_matched_partial_start,5.277664684569042e-16,5.04870130702128,MIPSOL,5.048701307021277,70.07695062179118
F6,root_lp_matched_partial_start,0.0,5.048701307021278,terminal,5.048701307021278,70.09029680024832
F6,gnn_class_aware_partial_start,,,MIPSOL,6.455632923039005,0.12988507468253374
F6,gnn_class_aware_partial_start,,,MIPSOL,6.455632923039005,0.13771062716841698
F6,gnn_class_aware_partial_start,1.0,0.0,MIPSOL,6.381673892994321,1.645626500248909
F6,gnn_class_aware_partial_start,1.0,0.0,MIPSOL,5.969508824928513,1.6531267194077373
F6,gnn_class_aware_partial_start,0.7270652759467207,1.620530208230903,MIPSOL,5.937427763550383,2.2648522267118096
F6,gnn_class_aware_partial_start,0.7032923004985114,1.620530208230903,MIPSOL,5.461705951526118,2.2715171417221427
F6,gnn_class_aware_partial_start,0.5850305950254802,2.2639031559438845,MIPSOL,5.455590529819648,3.0717347878962755
F6,gnn_class_aware_partial_start,0.5840303956867776,2.2639031559438845,MIPSOL,5.442472556814945,3.076358244754374
F6,gnn_class_aware_partial_start,0.20540446783478622,4.324564377576943,MIP,5.442472556814945,33.077885495498776
F6,gnn_class_aware_partial_start,0.15485808901890816,4.324564377576943,MIPSOL,5.116968311933231,33.68183345347643
F6,gnn_class_aware_partial_start,0.11826995947911952,4.488550432571159,MIPSOL,5.09061756580229,47.85044412408024
F6,gnn_class_aware_partial_start,0.1109494977789857,4.488550432571159,MIPSOL,5.048701307021279,47.85972355026752
F6,gnn_class_aware_partial_start,0.07303153489418723,4.679986901347226,MIP,5.048701307021279,78.0248458897695
F6,gnn_class_aware_partial_start,5.289659463309394e-05,5.048434247914817,MIPSOL,5.048701307021278,105.34197354409844
F6,gnn_class_aware_partial_start,5.289659463309394e-05,5.048434247914817,terminal,5.048701307021278,105.34722198080271
F14,unguided_control,,,MIPSOL,1238.6700177637608,1.2648521130904555
F14,unguided_control,1.0,0.0,MIPSOL,1228.8936050404616,2.707800501026213
F14,unguided_control,1.0,0.0,MIPSOL,1062.8221273460795,2.716764882206917
F14,unguided_control,0.9888924256434768,1.6043558218867997,MIPSOL,144.43799972804993,3.1806667847558856
F14,unguided_control,0.9888628154858965,1.6043558218867997,MIPSOL,144.0539859831837,3.208391352556646
F14,unguided_control,0.9888409592777745,1.6043558218867997,MIPSOL,143.77184041379135,3.2173802787438035
F14,unguided_control,0.988669578410894,1.6043558218867997,MIPSOL,141.5971867657033,3.267115163616836
F14,unguided_control,0.9885332094757101,1.6043558218867997,MIPSOL,139.91324063069908,3.4144887467846274
F14,unguided_control,0.9880056270682013,1.6043558218867997,MIPSOL,133.7590410944646,3.4207715475931764
F14,unguided_control,0.9814148929954937,1.6043558218867997,MIPSOL,86.32480950999036,3.53964657522738
F14,unguided_control,0.9810730278219634,1.6043558218867997,MIPSOL,84.7655825134323,3.5592751475051045
F14,unguided_control,0.9806409387338845,1.6043558218867997,MIPSOL,82.8736373025965,3.750779265537858
F14,unguided_control,0.9801854727987442,1.6043558218867997,MIPSOL,80.96866534292663,3.7658984027802944
F14,unguided_control,0.978443980084535,1.6043558218867997,MIPSOL,74.4272749876143,3.7717360192909837
F14,unguided_control,0.978400640939955,1.6043558218867997,MIPSOL,74.27793655482013,3.7822311287745833
F14,unguided_control,0.9777279219277436,1.6043558218867997,MIPSOL,72.03440184978923,3.7884141467511654
F14,unguided_control,0.977726701783944,1.6043558218867997,MIPSOL,72.03045576475434,4.051555013284087
F14,unguided_control,0.9777234407590668,1.6043558218867997,MIPSOL,72.01991135771073,4.057557684369385
F14,unguided_control,0.9719539030819155,1.6043558218867997,MIPSOL,57.204245801928096,4.3089823024347425
F14,unguided_control,0.969859375564508,1.6043558218867997,MIPSOL,53.22901737886997,4.325287216342986
F14,unguided_control,0.9698507962100819,1.6043558218867997,MIPSOL,53.21387035843687,4.338671931065619
F14,unguided_control,0.9695968407805977,1.6043558218867997,MIPSOL,52.769378679007445,4.344519010744989
F14,unguided_control,0.9673254443920757,1.6043558218867997,MIPSOL,49.10107550162692,5.1333125261589885
F14,unguided_control,0.9649710815585744,1.6043558218867997,MIPSOL,45.80089518234926,5.153352225199342
F14,unguided_control,0.9646492041117349,1.6043558218867997,MIPSOL,45.383867083438844,5.1651670429855585
F14,unguided_control,0.9644605846308977,1.6043558218867997,MIPSOL,45.14299982778028,5.170803756453097
F14,unguided_control,0.9644228172422258,1.6043558218867997,MIPSOL,45.095077730296694,5.187149849720299
F14,unguided_control,0.9644176244994074,1.6043558218867997,MIPSOL,45.088496743565535,5.267162151634693
F14,unguided_control,0.9641666084421453,1.6043558218867997,MIPSOL,44.772647861045755,5.276166667230427
F14,unguided_control,0.7826747130110241,2.3015459450291376,MIPSOL,10.590327416182756,6.245854067616165
F14,unguided_control,0.7821457101628764,2.3015459450291376,MIPSOL,10.564611542650194,6.254917301237583
F14,unguided_control,0.7821161866024667,2.3015459450291376,MIPSOL,10.56318002306083,6.992307340726256
F14,unguided_control,0.6060887252452231,3.964920015025699,MIPSOL,10.065515432362265,23.135748328641057
F14,unguided_control,0.6059533287903907,3.964920015025699,MIPSOL,10.06205686969653,23.147755303420126
F14,unguided_control,0.5726289946874086,4.180751439399358,MIPSOL,9.782487317644387,33.0772257335484
F14,unguided_control,0.538441251278725,4.180751439399358,MIPSOL,9.057896640421001,33.08504561241716
F14,unguided_control,0.5356805877388696,4.180751439399358,MIPSOL,9.004041892282824,33.098549764603376
F14,unguided_control,0.500067898675419,4.180751439399358,MIPSOL,8.362638502953432,36.69574552681297
F14,unguided_control,0.4923847335748959,4.180751439399358,MIPSOL,8.236063246959507,36.70446377899498
F14,unguided_control,0.4890885529186679,4.180751439399358,MIPSOL,8.182927713369128,36.7148539153859
F14,unguided_control,0.48548884167589906,4.180751439399358,MIPSOL,8.125676910520603,39.970122277736664
F14,unguided_control,0.45620638693370635,4.180751439399358,MIPSOL,7.68812163097194,39.977931190282106
F14,unguided_control,0.45236117778423407,4.180751439399358,MIPSOL,7.634140002134783,39.99034336581826
F14,unguided_control,0.4323333726740469,4.180751439399358,MIPSOL,7.364800462364997,46.693709049373865
F14,unguided_control,0.4032752490097103,4.180751439399358,MIPSOL,7.00616395157269,47.171586389653385
F14,unguided_control,0.383193357914442,4.180751439399358,MIPSOL,6.778058396490874,47.179852531291544
F14,unguided_control,0.3705565742618837,4.180751439399358,MIPSOL,6.64198126225054,47.186354564502835
F14,unguided_control,0.35393249577584524,4.180751439399358,MIPSOL,6.471075254620507,47.192358502186835
F14,unguided_control,0.34859170548173213,4.180751439399358,MIPSOL,6.4180199647152545,47.20110481791198
F14,unguided_control,0.3330016663871323,4.180751439399358,MIPSOL,6.268008822081865,47.21151877846569
F14,unguided_control,0.26941860811703394,4.180751439399358,MIPSOL,5.722499212064635,47.21900607738644
F14,unguided_control,0.25594051941687646,4.180751439399358,MIPSOL,5.618840359540718,47.30950295552611
F14,unguided_control,0.21248456629998183,4.180751439399358,MIPSOL,5.30878667324239,47.39814574737102
F14,unguided_control,0.20549654935404907,4.180751439399358,MIPSOL,5.262093495000309,48.200624940916896
F14,unguided_control,0.19256904101667416,4.243890751237816,MIPSOL,5.256041651637309,51.16919548250735
F14,unguided_control,0.11422398865267076,4.655675609662724,MIP,5.256041651637309,81.31798863969743
F14,unguided_control,1.6898237848314024e-16,5.256041651637309,MIPSOL,5.256041651637308,90.43004050944
F14,unguided_control,0.0,5.256041651637308,terminal,5.256041651637308,90.43477208167315
F14,root_lp_matched_partial_start,,,MIPSOL,319.82558444274264,0.13680200465023518
F14,root_lp_matched_partial_start,,,MIPSOL,319.82558444274264,0.1439809687435627
F14,root_lp_matched_partial_start,0.9888924256434768,1.6043558218867997,MIPSOL,144.43799972804993,1.9212497938424349
F14,root_lp_matched_partial_start,0.9888628154858965,1.6043558218867997,MIPSOL,144.0539859831837,1.9464406240731478
F14,root_lp_matched_partial_start,0.9888409592777745,1.6043558218867997,MIPSOL,143.77184041379135,1.9556622095406055
F14,root_lp_matched_partial_start,0.988669578410894,1.6043558218867997,MIPSOL,141.5971867657033,2.0055867647752166
F14,root_lp_matched_partial_start,0.9885332094757101,1.6043558218867997,MIPSOL,139.91324063069908,2.1550021674484015
F14,root_lp_matched_partial_start,0.9880056270682013,1.6043558218867997,MIPSOL,133.7590410944646,2.1610257793217897
F14,root_lp_matched_partial_start,0.9814148929954937,1.6043558218867997,MIPSOL,86.32480950999036,2.2819709880277514
F14,root_lp_matched_partial_start,0.9810730278219634,1.6043558218867997,MIPSOL,84.7655825134323,2.3051418466493487
F14,root_lp_matched_partial_start,0.9806409387338845,1.6043558218867997,MIPSOL,82.8736373025965,2.492808102630079
F14,root_lp_matched_partial_start,0.9801854727987442,1.6043558218867997,MIPSOL,80.96866534292663,2.5082572046667337
F14,root_lp_matched_partial_start,0.978443980084535,1.6043558218867997,MIPSOL,74.4272749876143,2.5142447659745812
F14,root_lp_matched_partial_start,0.978400640939955,1.6043558218867997,MIPSOL,74.27793655482013,2.5246362797915936
F14,root_lp_matched_partial_start,0.9777279219277436,1.6043558218867997,MIPSOL,72.03440184978923,2.5305056553333998
F14,root_lp_matched_partial_start,0.977726701783944,1.6043558218867997,MIPSOL,72.03045576475434,2.7999791875481606
F14,root_lp_matched_partial_start,0.9777234407590668,1.6043558218867997,MIPSOL,72.01991135771073,2.8061019582673907
F14,root_lp_matched_partial_start,0.9719539030819155,1.6043558218867997,MIPSOL,57.204245801928096,3.057885223068297
F14,root_lp_matched_partial_start,0.969859375564508,1.6043558218867997,MIPSOL,53.22901737886997,3.074506060220301
F14,root_lp_matched_partial_start,0.9698507962100819,1.6043558218867997,MIPSOL,53.21387035843687,3.0884176287800074
F14,root_lp_matched_partial_start,0.9695968407805977,1.6043558218867997,MIPSOL,52.769378679007445,3.0944269569590688
F14,root_lp_matched_partial_start,0.9695719764970093,1.6043558218867997,MIPSOL,52.726258139281114,3.8717369697988033
F14,root_lp_matched_partial_start,0.9695437933228654,1.6043558218867997,MIPSOL,52.67746699037509,3.9539023051038384
F14,root_lp_matched_partial_start,0.9693598855549095,1.6043558218867997,MIPSOL,52.36128686013656,3.9632664155215025
F14,root_lp_matched_partial_start,0.8017015337164421,2.30154594502914,MIPSOL,11.606473757280774,4.935327208600938
F14,root_lp_matched_partial_start,0.8009175229156026,2.30154594502914,MIPSOL,11.560766064074247,4.943926093168557
F14,root_lp_matched_partial_start,0.80083728991225,2.30154594502914,MIPSOL,11.55610879172658,5.700829513370991
F14,root_lp_matched_partial_start,0.6412267948725293,3.9649200150257107,MIPSOL,11.051327017626612,22.16760802268982
F14,root_lp_matched_partial_start,0.641114480029374,3.9649200150257107,MIPSOL,11.047868454960877,22.17811027728021
F14,root_lp_matched_partial_start,0.6151817908432449,4.196696394072686,MIPSOL,10.905659592535466,31.630381086841226
F14,root_lp_matched_partial_start,0.5877941276125774,4.196696394072686,MIPSOL,10.181068915312078,31.63617494981736
F14,root_lp_matched_partial_start,0.5872576624209304,4.196696394072686,MIPSOL,10.167835988641992,31.64674609247595
F14,root_lp_matched_partial_start,0.5421915120031393,4.196696394072686,MIPSOL,9.166925699510978,35.25312213972211
F14,root_lp_matched_partial_start,0.5409863986570339,4.196696394072686,MIPSOL,9.142858472590216,35.27103706356138
F14,root_lp_matched_partial_start,0.5387311195056848,4.196696394072686,MIPSOL,9.098156349882803,40.93285406753421
F14,root_lp_matched_partial_start,0.527868326138507,4.196696394072686,MIPSOL,8.888826203394798,40.939367858693004
F14,root_lp_matched_partial_start,0.5272030587623642,4.196696394072686,MIPSOL,8.876318833804287,40.94491912610829
F14,root_lp_matched_partial_start,0.5143314405222549,4.196696394072686,MIPSOL,8.641070771773917,40.95180475153029
F14,root_lp_matched_partial_start,0.5112783477361891,4.196696394072686,MIPSOL,8.58708914293676,40.96199198439717
F14,root_lp_matched_partial_start,0.5042478434106102,4.196696394072686,MIPSOL,8.465311422837903,49.170213747769594
F14,root_lp_matched_partial_start,0.49984204166683105,4.196696394072686,MIPSOL,8.390742012900555,49.176821099594235
F14,root_lp_matched_partial_start,0.4797634455525374,4.196696394072686,MIPSOL,8.066900255653795,49.19367641676217
F14,root_lp_matched_partial_start,0.45406533824393247,4.196696394072686,MIPSOL,7.68717703428737,49.20223795529455
F14,root_lp_matched_partial_start,0.4502725398146829,4.196696394072686,MIPSOL,7.634140002134783,49.21633028797805
F14,root_lp_matched_partial_start,0.42647171959180397,4.196696394072686,MIPSOL,7.317331223990873,50.647181298583746
F14,root_lp_matched_partial_start,0.4242792347435198,4.196696394072686,MIPSOL,7.289465045095398,50.654961628839374
F14,root_lp_matched_partial_start,0.42382230844274665,4.196696394072686,MIPSOL,7.283684279289162,50.662016121670604
F14,root_lp_matched_partial_start,0.420873311780954,4.196696394072686,MIPSOL,7.246594707936078,50.695135436952114
F14,root_lp_matched_partial_start,0.41605530667013724,4.196696394072686,MIPSOL,7.186804575860794,50.70499350409955
F14,root_lp_matched_partial_start,0.27334749070251096,4.196696394072686,MIPSOL,5.7753827866499154,50.798659566789865
F14,root_lp_matched_partial_start,0.263466654294813,4.196696394072686,MIPSOL,5.697904132303199,50.96170740853995
F14,root_lp_matched_partial_start,0.25706080761306144,4.196696394072686,MIPSOL,5.648775077526071,50.96920541767031
F14,root_lp_matched_partial_start,0.2411180252376179,4.196696394072686,MIPSOL,5.530104197542362,51.04514603037387
F14,root_lp_matched_partial_start,0.2170349647451686,4.196696394072686,MIPSOL,5.360004859868089,51.410595749504864
F14,root_lp_matched_partial_start,0.18387323719167672,4.343534753756394,MIPSOL,5.322132481981262,77.11725553125143
F14,root_lp_matched_partial_start,5.069471354494209e-16,5.25604165163731,MIPSOL,5.256041651637307,82.47360047418624
F14,root_lp_matched_partial_start,0.0,5.256041651637308,terminal,5.256041651637308,82.48712255433202
F14,gnn_class_aware_partial_start,,,MIPSOL,6.414071821129417,0.16000951267778873
F14,gnn_class_aware_partial_start,,,MIPSOL,6.414071821129417,0.1686796499416232
F14,gnn_class_aware_partial_start,1.0,0.0,MIPSOL,6.332434955403157,1.7324612215161324
F14,gnn_class_aware_partial_start,1.0,0.0,MIPSOL,5.936353446234288,1.7408582409843802
F14,gnn_class_aware_partial_start,0.7271619920984704,1.6071075063978268,MIPSOL,5.890335876436433,2.3564505530521274
F14,gnn_class_aware_partial_start,0.7125671596568945,1.6071075063978268,MIPSOL,5.591245260908392,2.363291040994227
F14,gnn_class_aware_partial_start,0.587387670774126,2.3066820683381675,MIPSOL,5.590434179865317,3.259294280782342
F14,gnn_class_aware_partial_start,0.5870053940562415,2.3066820683381675,MIPSOL,5.585259553371239,3.2643127031624317
F14,gnn_class_aware_partial_start,0.21223031335008707,4.3359155356904475,MIPSOL,5.50403958056505,30.149550043046474
F14,gnn_class_aware_partial_start,0.1935880150460355,4.3359155356904475,MIPSOL,5.376799472961666,30.182233145460486
F14,gnn_class_aware_partial_start,0.1709669675313239,4.357432149238553,MIPSOL,5.256041651637316,36.21877139713615
F14,gnn_class_aware_partial_start,0.04860700241110468,5.000561222403314,MIP,5.256041651637315,66.29340399894863
F14,gnn_class_aware_partial_start,1.351859027865122e-15,5.256041651637315,MIPSOL,5.256041651637308,75.79076951183379
F14,gnn_class_aware_partial_start,0.0,5.256041651637308,terminal,5.256041651637308,75.79638261254877
F27,unguided_control,,,MIPSOL,1312.9863120818175,0.015576617792248726
F27,unguided_control,,,MIPSOL,1285.600916951896,0.025576932355761528
F27,unguided_control,1.0,0.0,MIPSOL,1275.9543235618432,1.3601989885792136
F27,unguided_control,1.0,0.0,MIPSOL,1067.05192359738,1.4350154222920537
F27,unguided_control,0.9853614748644569,1.3855126614637976,MIPSOL,94.64837807325938,1.8577763941138983
F27,unguided_control,0.9852862818466435,1.3855126614637976,MIPSOL,94.16468679248993,1.8917360147461295
F27,unguided_control,0.9852556965509759,1.3855126614637976,MIPSOL,93.96935340173674,1.9034548085182905
F27,unguided_control,0.985094748244909,1.3855126614637976,MIPSOL,92.9546635125136,2.1634832294657826
F27,unguided_control,0.9838491553966471,1.3855126614637976,MIPSOL,85.78577130115882,2.1704822843894362
F27,unguided_control,0.9838460442141518,1.3855126614637976,MIPSOL,85.76924933009808,2.181416061706841
F27,unguided_control,0.983081659126964,1.3855126614637976,MIPSOL,81.89412140714018,2.289415125735104
F27,unguided_control,0.9824632565404482,1.3855126614637976,MIPSOL,79.00626844769957,2.3001410150900483
F27,unguided_control,0.9824146906089944,1.3855126614637976,MIPSOL,78.78807421906666,2.310845762491226
F27,unguided_control,0.9820524906914994,1.3855126614637976,MIPSOL,77.19804668425843,2.3265059115365148
F27,unguided_control,0.9816467068405061,1.3855126614637976,MIPSOL,75.49122925370443,2.3366793738678098
F27,unguided_control,0.9815615347434267,1.3855126614637976,MIPSOL,75.14251550680726,2.4793993066996336
F27,unguided_control,0.9765173438378282,1.3855126614637976,MIPSOL,59.001530827492914,2.4905783589929342
F27,unguided_control,0.9753629487414772,1.3855126614637976,MIPSOL,56.23695169219988,2.4964780705049634
F27,unguided_control,0.9674592237731415,1.3855126614637976,MIPSOL,42.577738521192,2.7150444043800235
F27,unguided_control,0.9649207501844499,1.3855126614637976,MIPSOL,39.496644561926246,2.730448231101036
F27,unguided_control,0.9647837155896574,1.3855126614637976,MIPSOL,39.342954109516725,2.7421570224687457
F27,unguided_control,0.9645097525141444,1.3855126614637976,MIPSOL,39.03925048750324,2.7479033591225743
F27,unguided_control,0.9512568247307993,1.3855126614637976,MIPSOL,28.42475185114294,2.9475247533991933
F27,unguided_control,0.9449263560855877,1.3855126614637976,MIPSOL,25.157453965039323,2.965169199742377
F27,unguided_control,0.9449158908747513,1.3855126614637976,MIPSOL,25.15267440040566,2.979492112994194
F27,unguided_control,0.9444169901964017,1.3855126614637976,MIPSOL,24.92690961427749,2.985201958566904
F27,unguided_control,0.9442445599312304,1.3855126614637976,MIPSOL,24.849820210456304,4.067168282344937
F27,unguided_control,0.9439952325637764,1.3855126614637976,MIPSOL,24.739191409759407,4.072649317793548
F27,unguided_control,0.9439867909440223,1.3855126614637976,MIPSOL,24.7354630240728,4.077943085692823
F27,unguided_control,0.9437572334432384,1.3855126614637976,MIPSOL,24.634504066678527,4.085488185286522
F27,unguided_control,0.9437213658645668,1.3855126614637976,MIPSOL,24.618803969719515,4.095664720050991
F27,unguided_control,0.9436832385391095,1.3855126614637976,MIPSOL,24.602136655638006,4.104088254272938
F27,unguided_control,0.9395121814756138,1.3855126614637976,MIPSOL,22.90564770335062,4.112742621451616
F27,unguided_control,0.9080085503308754,2.0768002403913965,MIPSOL,22.576013834560083,5.169794585555792
F27,unguided_control,0.906762201719273,2.0768002403913965,MIPSOL,22.27423082362389,5.178987971507013
F27,unguided_control,0.906752817911655,2.0768002403913965,MIPSOL,22.271989285679176,5.476714174263179
F27,unguided_control,0.8959462700668256,2.0768002403913965,MIPSOL,19.958921623714616,5.62662776466459
F27,unguided_control,0.8940885377521479,2.0768002403913965,MIPSOL,19.608833607936656,5.632734354585409
F27,unguided_control,0.8904894072369225,2.0768002403913965,MIPSOL,18.964377673349688,5.705731720663607
F27,unguided_control,0.8901223364318892,2.0768002403913965,MIPSOL,18.901022946342806,5.711625838652253
F27,unguided_control,0.8525084478034544,2.7569206766823986,MIPSOL,18.692058193329984,8.787208611145616
F27,unguided_control,0.8522071581788061,2.7569206766823986,MIPSOL,18.653952672605335,8.794105233624578
F27,unguided_control,0.8501444826054384,2.7569206766823986,MIPSOL,18.39719167245322,8.878686517477036
F27,unguided_control,0.8499761930779679,2.7569206766823986,MIPSOL,18.376554583201447,8.884994775056839
F27,unguided_control,0.8442542603270204,2.7569206766823986,MIPSOL,17.70141952178676,9.030841873958707
F27,unguided_control,0.8440655614289488,2.7569206766823986,MIPSOL,17.67999873502103,9.036924098618329
F27,unguided_control,0.8427865793907456,2.7569206766823986,MIPSOL,17.53616622549406,9.333258281461895
F27,unguided_control,0.8425453325819396,2.7569206766823986,MIPSOL,17.509297894373972,9.339364004321396
F27,unguided_control,0.8424709816031425,2.7569206766823986,MIPSOL,17.50103380785997,9.370584242977202
F27,unguided_control,0.763431601412334,3.1503493630068946,MIPSOL,13.316864728403099,16.004998522810638
F27,unguided_control,0.7613880653373951,3.1503493630068946,MIPSOL,13.20281555682225,16.015899799764156
F27,unguided_control,0.7613136191510363,3.1503493630068946,MIPSOL,13.198697603950754,16.758457752875984
F27,unguided_control,0.7306726711995932,3.296381777524726,MIPSOL,12.239314117163394,18.593494394794106
F27,unguided_control,0.7142328020983112,3.417639663500294,MIPSOL,11.959524006236885,20.52393862605095
F27,unguided_control,0.7140671228578666,3.417639663500294,MIPSOL,11.952594250997695,20.530031980015337
F27,unguided_control,0.7140058659793067,3.417639663500294,MIPSOL,11.950034133402921,20.766816917806864
F27,unguided_control,0.6732139740793277,3.516240572260972,MIPSOL,10.76007017850434,22.24558405391872
F27,unguided_control,0.641900906740496,3.6700018989851952,MIPSOL,10.248565182279451,25.632534994743764
F27,unguided_control,0.6094352906867148,3.6700018989851952,MIPSOL,9.396655180233811,25.638941635377705
F27,unguided_control,0.6069175557774964,3.6700018989851952,MIPSOL,9.336468603283125,25.651619186624885
F27,unguided_control,0.5976451179113312,3.753828788194653,MIPSOL,9.329646427323341,47.032935654744506
F27,unguided_control,0.597437396522031,3.753828788194653,MIPSOL,9.324832350951567,47.045085043646395
F27,unguided_control,0.22694429858053297,3.753828788194653,MIPSOL,4.855832226968845,48.743970923125744
F27,unguided_control,0.207232229842279,3.849547286834092,MIPSOL,4.855832226968845,64.47736978158355
F27,unguided_control,0.021417677378889985,4.6010711629584025,MIPSOL,4.701772203113725,65.1224818918854
F27,unguided_control,5.775138730431301e-16,4.613803033094203,MIPSOL,4.6138030330942055,65.39679579623044
F27,unguided_control,3.8500924869542015e-16,4.613803033094203,terminal,4.613803033094205,65.41179068665951
F27,root_lp_matched_partial_start,,,MIPSOL,194.36164170761793,0.14083966985344887
F27,root_lp_matched_partial_start,,,MIPSOL,194.36164170761793,0.14929145574569702
F27,root_lp_matched_partial_start,0.9853614748644569,1.3855126614637976,MIPSOL,94.64837807325938,1.9697628691792488
F27,root_lp_matched_partial_start,0.9852862818466435,1.3855126614637976,MIPSOL,94.16468679248993,1.994738076813519
F27,root_lp_matched_partial_start,0.9852556965509759,1.3855126614637976,MIPSOL,93.96935340173674,2.003928513266146
F27,root_lp_matched_partial_start,0.985094748244909,1.3855126614637976,MIPSOL,92.9546635125136,2.26142050139606
F27,root_lp_matched_partial_start,0.9838491553966471,1.3855126614637976,MIPSOL,85.78577130115882,2.2681631576269865
F27,root_lp_matched_partial_start,0.9838460442141518,1.3855126614637976,MIPSOL,85.76924933009808,2.2789183678105474
F27,root_lp_matched_partial_start,0.983081659126964,1.3855126614637976,MIPSOL,81.89412140714018,2.391383863054216
F27,root_lp_matched_partial_start,0.9824632565404482,1.3855126614637976,MIPSOL,79.00626844769957,2.4019701667129993
F27,root_lp_matched_partial_start,0.9824146906089944,1.3855126614637976,MIPSOL,78.78807421906666,2.41155777964741
F27,root_lp_matched_partial_start,0.9820524906914994,1.3855126614637976,MIPSOL,77.19804668425843,2.426538433879614
F27,root_lp_matched_partial_start,0.9816467068405061,1.3855126614637976,MIPSOL,75.49122925370443,2.4368953751400113
F27,root_lp_matched_partial_start,0.9815615347434267,1.3855126614637976,MIPSOL,75.14251550680726,2.5772468987852335
F27,root_lp_matched_partial_start,0.9765173438378282,1.3855126614637976,MIPSOL,59.001530827492914,2.5916462363675237
F27,root_lp_matched_partial_start,0.9753629487414772,1.3855126614637976,MIPSOL,56.23695169219988,2.5974536295980215
F27,root_lp_matched_partial_start,0.9674592237731415,1.3855126614637976,MIPSOL,42.577738521192,2.815204215236008
F27,root_lp_matched_partial_start,0.9649207501844499,1.3855126614637976,MIPSOL,39.496644561926246,2.8308382565155625
F27,root_lp_matched_partial_start,0.9647837155896574,1.3855126614637976,MIPSOL,39.342954109516725,2.845975810661912
F27,root_lp_matched_partial_start,0.9645097525141444,1.3855126614637976,MIPSOL,39.03925048750324,2.85164441075176
F27,root_lp_matched_partial_start,0.9512568247307993,1.3855126614637976,MIPSOL,28.42475185114294,3.052642125636339
F27,root_lp_matched_partial_start,0.9449263560855877,1.3855126614637976,MIPSOL,25.157453965039323,3.0706703001633286
F27,root_lp_matched_partial_start,0.9449158908747513,1.3855126614637976,MIPSOL,25.15267440040566,3.0851107416674495
F27,root_lp_matched_partial_start,0.9444169901964017,1.3855126614637976,MIPSOL,24.92690961427749,3.0941671235486865
F27,root_lp_matched_partial_start,0.9442445599312304,1.3855126614637976,MIPSOL,24.849820210456304,4.11486435495317
F27,root_lp_matched_partial_start,0.9439952325637764,1.3855126614637976,MIPSOL,24.739191409759407,4.120498062111437
F27,root_lp_matched_partial_start,0.9439867909440223,1.3855126614637976,MIPSOL,24.7354630240728,4.125670530833304
F27,root_lp_matched_partial_start,0.9437572334432384,1.3855126614637976,MIPSOL,24.634504066678527,4.133260260336101
F27,root_lp_matched_partial_start,0.9437213658645668,1.3855126614637976,MIPSOL,24.618803969719515,4.1430156752467155
F27,root_lp_matched_partial_start,0.9436832385391095,1.3855126614637976,MIPSOL,24.602136655638006,4.152179369702935
F27,root_lp_matched_partial_start,0.9395121814756138,1.3855126614637976,MIPSOL,22.90564770335062,4.16096955165267
F27,root_lp_matched_partial_start,0.9080085503308754,2.0768002403913965,MIPSOL,22.576013834560083,5.23269871994853
F27,root_lp_matched_partial_start,0.906762201719273,2.0768002403913965,MIPSOL,22.27423082362389,5.240090020000935
F27,root_lp_matched_partial_start,0.906752817911655,2.0768002403913965,MIPSOL,22.271989285679176,5.53347438108176
F27,root_lp_matched_partial_start,0.8959462700668256,2.0768002403913965,MIPSOL,19.958921623714616,5.69229616317898
F27,root_lp_matched_partial_start,0.8940885377521479,2.0768002403913965,MIPSOL,19.608833607936656,5.698354525491595
F27,root_lp_matched_partial_start,0.8904894072369225,2.0768002403913965,MIPSOL,18.964377673349688,5.7679334273561835
F27,root_lp_matched_partial_start,0.8901223364318892,2.0768002403913965,MIPSOL,18.901022946342806,5.773894985206425
F27,root_lp_matched_partial_start,0.8525084478034544,2.7569206766823986,MIPSOL,18.692058193329984,8.801872820593417
F27,root_lp_matched_partial_start,0.8522071581788061,2.7569206766823986,MIPSOL,18.653952672605335,8.807955929078162
F27,root_lp_matched_partial_start,0.8501444826054384,2.7569206766823986,MIPSOL,18.39719167245322,8.890765716321766
F27,root_lp_matched_partial_start,0.8499761930779679,2.7569206766823986,MIPSOL,18.376554583201447,8.896675569936633
F27,root_lp_matched_partial_start,0.8442542603270204,2.7569206766823986,MIPSOL,17.70141952178676,9.037846453487873
F27,root_lp_matched_partial_start,0.8440655614289488,2.7569206766823986,MIPSOL,17.67999873502103,9.0437100129202
F27,root_lp_matched_partial_start,0.8427865793907456,2.7569206766823986,MIPSOL,17.53616622549406,9.337622933089733
F27,root_lp_matched_partial_start,0.8425453325819396,2.7569206766823986,MIPSOL,17.509297894373972,9.343526612967253
F27,root_lp_matched_partial_start,0.8424709816031425,2.7569206766823986,MIPSOL,17.50103380785997,9.374555852264166
F27,root_lp_matched_partial_start,0.8168328162177676,3.1503493630068946,MIPSOL,17.199311022613887,15.895787580870092
F27,root_lp_matched_partial_start,0.8147537428224725,3.1503493630068946,MIPSOL,17.006278080899694,15.902944228611887
F27,root_lp_matched_partial_start,0.8133249137954098,3.1503493630068946,MIPSOL,16.876110396189713,15.96562378294766
F27,root_lp_matched_partial_start,0.8074974562610542,3.1503493630068946,MIPSOL,16.365234982448378,16.220791437663138
F27,root_lp_matched_partial_start,0.7160595485286112,3.1503493630068946,MIPSOL,11.095105845897194,16.434796352870762
F27,root_lp_matched_partial_start,0.7139851578628458,3.1503493630068946,MIPSOL,11.014635951990877,16.44346511270851
F27,root_lp_matched_partial_start,0.6994991485156035,3.29664826452738,MIPSOL,10.970512223984688,18.629601253196597
F27,root_lp_matched_partial_start,0.6861576005147635,3.29664826452738,MIPSOL,10.504151988177933,18.63535720575601
F27,root_lp_matched_partial_start,0.6858922842291476,3.29664826452738,MIPSOL,10.495279482189952,18.6445997916162
F27,root_lp_matched_partial_start,0.6369714622518501,3.7523743230351565,MIPSOL,10.336306744122568,36.17666891776025
F27,root_lp_matched_partial_start,0.6360882214175393,3.7523743230351565,MIPSOL,10.311219762250388,36.188788956962526
F27,root_lp_matched_partial_start,0.6273239547372611,3.7523743230351565,MIPSOL,10.068729586281053,48.040078699588776
F27,root_lp_matched_partial_start,0.6202950719449006,3.7523743230351565,MIPSOL,9.8823429610338,48.08109490759671
F27,root_lp_matched_partial_start,0.6193103525181525,3.7523743230351565,MIPSOL,9.856780576661418,48.25600056629628
F27,root_lp_matched_partial_start,0.6012937630999802,3.7523743230351565,MIPSOL,9.411376035173756,49.78804453648627
F27,root_lp_matched_partial_start,0.5446536503400711,3.7523743230351565,MIPSOL,8.240703644242632,49.796907124109566
F27,root_lp_matched_partial_start,0.544101943361508,3.7523743230351565,MIPSOL,8.230731121564379,49.81278570834547
F27,root_lp_matched_partial_start,0.5310251983871054,3.7523743230351565,MIPSOL,8.00122801935204,50.21921213530004
F27,root_lp_matched_partial_start,0.529408760931771,3.7523743230351565,MIPSOL,7.9737445398789415,50.23066452238709
F27,root_lp_matched_partial_start,0.20905890902249954,3.7523743230351565,MIPSOL,4.744189378753491,50.78974619600922
F27,root_lp_matched_partial_start,0.17031154678754198,3.9243203640069164,MIPSOL,4.729872217471993,65.03726814500988
F27,root_lp_matched_partial_start,0.020638189863708113,4.604736135689959,MIPSOL,4.701772203113725,69.35452386830002
F27,root_lp_matched_partial_start,0.012534920431914391,4.604736135689959,MIPSOL,4.6631888367172,69.44603950250894
F27,root_lp_matched_partial_start,3.850092486954201e-16,4.613803033094204,MIPSOL,4.6138030330942055,69.875423357822
F27,root_lp_matched_partial_start,1.9250462434771007e-16,4.613803033094204,MIPSOL,4.613803033094205,69.88903457764536
F27,root_lp_matched_partial_start,1.9250462434771007e-16,4.613803033094204,terminal,4.613803033094205,69.89343193266541
F27,gnn_class_aware_partial_start,,,MIPSOL,5.753242674138864,0.14039887208491564
F27,gnn_class_aware_partial_start,,,MIPSOL,5.753242674138864,0.14767097868025303
F27,gnn_class_aware_partial_start,1.0,0.0,MIPSOL,5.738662568860077,1.6354122357442975
F27,gnn_class_aware_partial_start,1.0,0.0,MIPSOL,5.394495522640746,1.6413135658949614
F27,gnn_class_aware_partial_start,0.7410278780624521,1.3856373653695218,MIPSOL,5.350527133973413,2.166752173565328
F27,gnn_class_aware_partial_start,0.7310527932585406,1.3856373653695218,MIPSOL,5.152079406801734,2.174573122523725
F27,gnn_class_aware_partial_start,0.5957726493451733,2.0769249442971205,MIPSOL,5.1380119156524495,2.8892642203718424
F27,gnn_class_aware_partial_start,0.2207572082106887,3.8676974626129703,MIPSOL,4.963404863498184,28.089868544600904
F27,gnn_class_aware_partial_start,0.2166101559767631,3.8676974626129703,MIPSOL,4.9371299514807685,28.10302210599184
F27,gnn_class_aware_partial_start,0.21238988482931165,3.8676974626129703,MIPSOL,4.910675203523478,28.11071845702827
F27,gnn_class_aware_partial_start,0.16577470848019424,3.8866943241173306,MIPSOL,4.6590463794696095,33.06865654233843
F27,gnn_class_aware_partial_start,0.16526202151831967,3.8866943241173306,MIPSOL,4.65618484399968,33.08626003563404
F27,gnn_class_aware_partial_start,0.08476990833799054,4.253254754210078,MIPSOL,4.647197238113524,43.3290285076946
F27,gnn_class_aware_partial_start,0.08309251532517,4.253254754210078,MIPSOL,4.6386956430162005,43.34777716733515
F27,gnn_class_aware_partial_start,0.02993868479941548,4.475671838359807,MIPSOL,4.613803033094201,46.97901923395693
F27,gnn_class_aware_partial_start,4.009988168096857e-05,4.613618020138474,MIPSOL,4.6138030330942,50.49136943463236
F27,gnn_class_aware_partial_start,4.0099881681931054e-05,4.613618020138474,terminal,4.613803033094205,50.4962999522686
F29,unguided_control,,,MIPSOL,1387.0910484793967,0.018952216021716595
F29,unguided_control,,,MIPSOL,1336.8839842081297,0.02869171928614378
F29,unguided_control,1.0,0.0,MIPSOL,1327.3517257944266,1.4451265204697847
F29,unguided_control,1.0,0.0,MIPSOL,1155.1201288898842,1.5029410980641842
F29,unguided_control,0.9842198538610506,1.431451030152425,MIPSOL,90.71215295143826,1.9453179519623518
F29,unguided_control,0.9841844926933392,1.431451030152425,MIPSOL,90.5093338074314,1.9724648483097553
F29,unguided_control,0.9837118728303444,1.431451030152425,MIPSOL,87.88309516757691,2.027552353218198
F29,unguided_control,0.9836195555462144,1.431451030152425,MIPSOL,87.38780160642169,2.182246783748269
F29,unguided_control,0.9835321932490554,1.431451030152425,MIPSOL,86.92420622863555,2.190944346599281
F29,unguided_control,0.9832869499843095,1.431451030152425,MIPSOL,85.6487013925383,2.2050279807299376
F29,unguided_control,0.9832585144225175,1.431451030152425,MIPSOL,85.50322631330603,2.216531801968813
F29,unguided_control,0.9815428813485315,1.431451030152425,MIPSOL,77.55549808087405,2.331652450375259
F29,unguided_control,0.9775669250380307,1.431451030152425,MIPSOL,63.809844730566425,2.3417280996218324
F29,unguided_control,0.9771419864022328,1.431451030152425,MIPSOL,62.62359692936106,2.3545013424009085
F29,unguided_control,0.9745163037803477,1.431451030152425,MIPSOL,56.17124838619475,2.3600974660366774
F29,unguided_control,0.9740865175692812,1.431451030152425,MIPSOL,55.23962416010625,2.3706910526379943
F29,unguided_control,0.9733727104261898,1.431451030152425,MIPSOL,53.75879607214519,2.530453324317932
F29,unguided_control,0.9624609790164047,1.431451030152425,MIPSOL,38.132348490867024,2.5443413369357586
F29,unguided_control,0.9597934938074884,1.431451030152425,MIPSOL,35.60247247792512,2.5616393499076366
F29,unguided_control,0.959785483830219,1.431451030152425,MIPSOL,35.59538113324558,2.572295974008739
F29,unguided_control,0.9595376487221243,1.431451030152425,MIPSOL,35.377356602979354,2.577952042222023
F29,unguided_control,0.9562695394504117,1.431451030152425,MIPSOL,32.733499994339766,2.8076515700668097
F29,unguided_control,0.9504700293463633,1.431451030152425,MIPSOL,28.900704184998755,2.825712103396654
F29,unguided_control,0.9502229887764826,1.431451030152425,MIPSOL,28.757271579136656,2.839763523079455
F29,unguided_control,0.9501715486739831,1.431451030152425,MIPSOL,28.727584182513418,2.845770257525146
F29,unguided_control,0.94848117540365,1.431451030152425,MIPSOL,27.78500948668454,3.1687704576179385
F29,unguided_control,0.9420627538022442,1.431451030152425,MIPSOL,24.706922128581787,3.186520479619503
F29,unguided_control,0.9419059206455338,1.431451030152425,MIPSOL,24.640222309373367,3.955152804031968
F29,unguided_control,0.9413576552486316,1.431451030152425,MIPSOL,24.409853259133556,4.065199667587876
F29,unguided_control,0.9412614115617307,1.431451030152425,MIPSOL,24.369857502735076,4.075866644270718
F29,unguided_control,0.9410468201538332,1.431451030152425,MIPSOL,24.28115046359961,4.081061094999313
F29,unguided_control,0.9356469603564332,1.431451030152425,MIPSOL,22.243720546548,4.091939577832818
F29,unguided_control,0.9007016007696691,2.1634689910532017,MIPSOL,21.787551539827476,5.247995818965137
F29,unguided_control,0.897234396029236,2.1634689910532017,MIPSOL,21.052462180523857,5.253985610790551
F29,unguided_control,0.897134854671844,2.1634689910532017,MIPSOL,21.03208996741697,5.340713546611369
F29,unguided_control,0.8970502220947881,2.1634689910532017,MIPSOL,21.01479998378582,5.347058054059744
F29,unguided_control,0.8865593449878236,2.1634689910532017,MIPSOL,19.071372523554096,5.43420201074332
F29,unguided_control,0.8863068335280228,2.1634689910532017,MIPSOL,19.029015183480233,5.4401114182546735
F29,unguided_control,0.8819620310373728,2.1634689910532017,MIPSOL,18.328585370171794,5.4542819345369935
F29,unguided_control,0.8813915619539485,2.1634689910532017,MIPSOL,18.240430669976455,5.98258189111948
F29,unguided_control,0.8511053543977541,2.7137173649385495,MIPSOL,18.225755224186635,7.419336915016174
F29,unguided_control,0.8509622152937646,2.7137173649385495,MIPSOL,18.208250815640397,7.428445232100785
F29,unguided_control,0.7933299117587731,3.6051937465665755,MIPSOL,17.444197064253274,17.12962086033076
F29,unguided_control,0.7921296261466739,3.6051937465665755,MIPSOL,17.343470739656297,17.136299481615424
F29,unguided_control,0.75708242344,3.6051937465665755,MIPSOL,14.841222268146996,17.154316726140678
F29,unguided_control,0.7478688426759496,3.6051937465665755,MIPSOL,14.298882315179382,17.22871953714639
F29,unguided_control,0.7139962892798145,3.6051937465665755,MIPSOL,12.605408990982472,17.414786329492927
F29,unguided_control,0.6910704316972319,3.6051937465665755,MIPSOL,11.66995366087226,17.47625356540084
F29,unguided_control,0.6903272870779338,3.6051937465665755,MIPSOL,11.64194840594133,17.6819562362507
F29,unguided_control,0.6901111201111827,3.6051937465665755,MIPSOL,11.633827415362745,17.68799697048962
F29,unguided_control,0.6900766587989661,3.6051937465665755,MIPSOL,11.632533814960524,18.396428225561976
F29,unguided_control,0.5939016089480227,4.1777487939549,MIPSOL,10.28752855467527,27.65020457096398
F29,unguided_control,0.5907731779650386,4.1777487939549,MIPSOL,10.208883115677063,27.676859997212887
F29,unguided_control,0.5737219788243432,4.277441531097887,MIPSOL,10.03439379609787,32.40201419778168
F29,unguided_control,0.5483655662560908,4.277441531097887,MIPSOL,9.471026147495497,32.40902260504663
F29,unguided_control,0.5477646089934773,4.277441531097887,MIPSOL,9.45844048511496,32.42451054882258
F29,unguided_control,0.5293913972314664,4.28408301599827,MIPSOL,9.103282410894163,43.129631193354726
F29,unguided_control,0.5138747703108084,4.28408301599827,MIPSOL,8.812714819877455,43.147201819345355
F29,unguided_control,0.5110457256609041,4.28408301599827,MIPSOL,8.761725259051945,43.15552764106542
F29,unguided_control,0.4858275765387985,4.28408301599827,MIPSOL,8.331996856539972,43.16265361569822
F29,unguided_control,0.48419067217877515,4.28408301599827,MIPSOL,8.305555531719847,43.17149764671922
F29,unguided_control,0.4660193177470306,4.28408301599827,MIPSOL,8.022917604290257,43.188020480796695
F29,unguided_control,0.4598685710682097,4.28408301599827,MIPSOL,7.9315566295981625,43.199754647910595
F29,unguided_control,0.41494871204280515,4.28408301599827,MIPSOL,7.322576847846738,48.65281845256686
F29,unguided_control,0.4111566036402884,4.28408301599827,MIPSOL,7.275419988545167,48.66578541509807
F29,unguided_control,0.303791635275215,4.28408301599827,MIPSOL,6.153449503140905,50.21095042861998
F29,unguided_control,0.30134241439841675,4.28408301599827,MIPSOL,6.131877910277658,50.22229054197669
F29,unguided_control,0.2908637767684378,4.28408301599827,MIPSOL,6.04126947073093,50.250246475450695
F29,unguided_control,0.2573619974666595,4.28408301599827,MIPSOL,5.768736586848634,50.26881409808993
F29,unguided_control,0.2433637738565841,4.28408301599827,MIPSOL,5.6620115029837965,50.29612082056701
F29,unguided_control,0.19573828864404771,4.28408301599827,MIPSOL,5.326727550880772,50.58149208128452
F29,unguided_control,0.18922746849752564,4.28408301599827,MIPSOL,5.283951847825022,50.59250737354159
F29,unguided_control,0.18779791937256166,4.28408301599827,MIPSOL,5.274651614643429,50.61352261714637
F29,unguided_control,0.1309703287641158,4.583828758557405,MIPSOL,5.274651614643429,85.404948733747
F29,unguided_control,0.0035913313295961916,5.247172932257087,MIPSOL,5.266085188980595,90.78970055934042
F29,unguided_control,0.002208501857643604,5.247172932257087,MIPSOL,5.258786973056033,90.7956409510225
F29,unguided_control,0.0,5.258786973056033,terminal,5.258786973056033,90.8206890616566
F29,root_lp_matched_partial_start,,,MIPSOL,213.82371299807826,0.13797524105757475
F29,root_lp_matched_partial_start,,,MIPSOL,213.82371299807826,0.1464688591659069
F29,root_lp_matched_partial_start,0.9842198538610506,1.431451030152425,MIPSOL,90.71215295143826,1.9181643221527338
F29,root_lp_matched_partial_start,0.9841844926933392,1.431451030152425,MIPSOL,90.5093338074314,1.9503315836191177
F29,root_lp_matched_partial_start,0.9837118728303444,1.431451030152425,MIPSOL,87.88309516757691,2.00822227075696
F29,root_lp_matched_partial_start,0.9836195555462144,1.431451030152425,MIPSOL,87.38780160642169,2.147824407555163
F29,root_lp_matched_partial_start,0.9835321932490554,1.431451030152425,MIPSOL,86.92420622863555,2.1537119410932064
F29,root_lp_matched_partial_start,0.9832869499843095,1.431451030152425,MIPSOL,85.6487013925383,2.1671351371333003
F29,root_lp_matched_partial_start,0.9832585144225175,1.431451030152425,MIPSOL,85.50322631330603,2.1781726041808724
F29,root_lp_matched_partial_start,0.9815428813485315,1.431451030152425,MIPSOL,77.55549808087405,2.292465813457966
F29,root_lp_matched_partial_start,0.9775669250380307,1.431451030152425,MIPSOL,63.809844730566425,2.3021538257598877
F29,root_lp_matched_partial_start,0.9771419864022328,1.431451030152425,MIPSOL,62.62359692936106,2.313667893409729
F29,root_lp_matched_partial_start,0.9745163037803477,1.431451030152425,MIPSOL,56.17124838619475,2.3193769240751863
F29,root_lp_matched_partial_start,0.9740865175692812,1.431451030152425,MIPSOL,55.23962416010625,2.3296552626416087
F29,root_lp_matched_partial_start,0.9733727104261898,1.431451030152425,MIPSOL,53.75879607214519,2.4916200675070286
F29,root_lp_matched_partial_start,0.9624609790164047,1.431451030152425,MIPSOL,38.132348490867024,2.502272945828736
F29,root_lp_matched_partial_start,0.9597934938074884,1.431451030152425,MIPSOL,35.60247247792512,2.5192645071074367
F29,root_lp_matched_partial_start,0.959785483830219,1.431451030152425,MIPSOL,35.59538113324558,2.529129191301763
F29,root_lp_matched_partial_start,0.9595376487221243,1.431451030152425,MIPSOL,35.377356602979354,2.5344027606770396
F29,root_lp_matched_partial_start,0.9562695394504117,1.431451030152425,MIPSOL,32.733499994339766,2.7623926885426044
F29,root_lp_matched_partial_start,0.9504700293463633,1.431451030152425,MIPSOL,28.900704184998755,2.7801212714985013
F29,root_lp_matched_partial_start,0.9502229887764826,1.431451030152425,MIPSOL,28.757271579136656,2.7926586056128144
F29,root_lp_matched_partial_start,0.9501715486739831,1.431451030152425,MIPSOL,28.727584182513418,2.7981662582606077
F29,root_lp_matched_partial_start,0.94848117540365,1.431451030152425,MIPSOL,27.78500948668454,3.107037851586938
F29,root_lp_matched_partial_start,0.9420627538022442,1.431451030152425,MIPSOL,24.706922128581787,3.1247576270252466
F29,root_lp_matched_partial_start,0.9419059206455338,1.431451030152425,MIPSOL,24.640222309373367,3.8473796220496297
F29,root_lp_matched_partial_start,0.9413576552486316,1.431451030152425,MIPSOL,24.409853259133556,3.9408234944567084
F29,root_lp_matched_partial_start,0.9412614115617307,1.431451030152425,MIPSOL,24.369857502735076,3.9500559978187084
F29,root_lp_matched_partial_start,0.9410468201538332,1.431451030152425,MIPSOL,24.28115046359961,3.9548174496740103
F29,root_lp_matched_partial_start,0.9356469603564332,1.431451030152425,MIPSOL,22.243720546548,3.9669365314766765
F29,root_lp_matched_partial_start,0.9007016007696691,2.1634689910532017,MIPSOL,21.787551539827476,5.103642873466015
F29,root_lp_matched_partial_start,0.897234396029236,2.1634689910532017,MIPSOL,21.052462180523857,5.109628474339843
F29,root_lp_matched_partial_start,0.897134854671844,2.1634689910532017,MIPSOL,21.03208996741697,5.198401924222708
F29,root_lp_matched_partial_start,0.8970502220947881,2.1634689910532017,MIPSOL,21.01479998378582,5.206706023775041
F29,root_lp_matched_partial_start,0.8865593449878236,2.1634689910532017,MIPSOL,19.071372523554096,5.294590261764824
F29,root_lp_matched_partial_start,0.8863068335280228,2.1634689910532017,MIPSOL,19.029015183480233,5.30035974830389
F29,root_lp_matched_partial_start,0.8819620310373728,2.1634689910532017,MIPSOL,18.328585370171794,5.314657565206289
F29,root_lp_matched_partial_start,0.8813915619539485,2.1634689910532017,MIPSOL,18.240430669976455,5.844438750296831
F29,root_lp_matched_partial_start,0.8511053543977541,2.7137173649385495,MIPSOL,18.225755224186635,7.283429058268666
F29,root_lp_matched_partial_start,0.8509622152937646,2.7137173649385495,MIPSOL,18.208250815640397,7.292777301743627
F29,root_lp_matched_partial_start,0.7933299117587731,3.6051937465665755,MIPSOL,17.444197064253274,16.80005635600537
F29,root_lp_matched_partial_start,0.7921296261466739,3.6051937465665755,MIPSOL,17.343470739656297,16.806368367746472
F29,root_lp_matched_partial_start,0.75708242344,3.6051937465665755,MIPSOL,14.841222268146996,16.823753350414336
F29,root_lp_matched_partial_start,0.7478688426759496,3.6051937465665755,MIPSOL,14.298882315179382,16.899920997209847
F29,root_lp_matched_partial_start,0.7139962892798145,3.6051937465665755,MIPSOL,12.605408990982472,17.082401513122022
F29,root_lp_matched_partial_start,0.6910704316972319,3.6051937465665755,MIPSOL,11.66995366087226,17.14147893153131
F29,root_lp_matched_partial_start,0.6903272870779338,3.6051937465665755,MIPSOL,11.64194840594133,17.34570310357958
F29,root_lp_matched_partial_start,0.6901111201111827,3.6051937465665755,MIPSOL,11.633827415362745,17.351440156809986
F29,root_lp_matched_partial_start,0.6900766587989661,3.6051937465665755,MIPSOL,11.632533814960524,18.0627399450168
F29,root_lp_matched_partial_start,0.5939016089480227,4.1777487939549,MIPSOL,10.28752855467527,27.343362214043736
F29,root_lp_matched_partial_start,0.5907731779650386,4.1777487939549,MIPSOL,10.208883115677063,27.36834932398051
F29,root_lp_matched_partial_start,0.5737219788243432,4.277441531097887,MIPSOL,10.03439379609787,32.053690891712904
F29,root_lp_matched_partial_start,0.5483655662560908,4.277441531097887,MIPSOL,9.471026147495497,32.060116751119494
F29,root_lp_matched_partial_start,0.5477646089934773,4.277441531097887,MIPSOL,9.45844048511496,32.07495873980224
F29,root_lp_matched_partial_start,0.5334898308947459,4.28408301599827,MIPSOL,9.183257514439507,42.397587734274566
F29,root_lp_matched_partial_start,0.5290061677948228,4.28408301599827,MIPSOL,9.095836766991912,42.406404891982675
F29,root_lp_matched_partial_start,0.5018142018449615,4.28408301599827,MIPSOL,8.599368010617269,42.422966175712645
F29,root_lp_matched_partial_start,0.49731571424510523,4.28408301599827,MIPSOL,8.52241284917977,42.43489977903664
F29,root_lp_matched_partial_start,0.4660193177470306,4.28408301599827,MIPSOL,8.022917604290257,42.445544437505305
F29,root_lp_matched_partial_start,0.4598685710682097,4.28408301599827,MIPSOL,7.9315566295981625,42.4630441814661
F29,root_lp_matched_partial_start,0.45892223102808327,4.28408301599827,MIPSOL,7.917684410021703,48.91900791414082
F29,root_lp_matched_partial_start,0.3893261832285593,4.28408301599827,MIPSOL,7.0153376456316785,51.55857453495264
F29,root_lp_matched_partial_start,0.3845694764169777,4.28408301599827,MIPSOL,6.961115596048824,51.66004138905555
F29,root_lp_matched_partial_start,0.3802643837640887,4.28408301599827,MIPSOL,6.9127590923666915,51.66659677494317
F29,root_lp_matched_partial_start,0.35226231946884173,4.28408301599827,MIPSOL,6.613916628233259,51.68014949094504
F29,root_lp_matched_partial_start,0.34354444484544056,4.28408301599827,MIPSOL,6.52608235600901,51.71151764318347
F29,root_lp_matched_partial_start,0.3416470381589316,4.28408301599827,MIPSOL,6.50727385507302,52.467018767260015
F29,root_lp_matched_partial_start,0.2938867840771033,4.28408301599827,MIPSOL,6.067133314307016,52.57565490435809
F29,root_lp_matched_partial_start,0.2797921209669955,4.28408301599827,MIPSOL,5.948397873333938,52.583824689500034
F29,root_lp_matched_partial_start,0.25689956471449976,4.28408301599827,MIPSOL,5.7651466915805525,52.59272378496826
F29,root_lp_matched_partial_start,0.23987018548131178,4.28408301599827,MIPSOL,5.6359886616353,52.66129643749446
F29,root_lp_matched_partial_start,0.23158442302637444,4.28408301599827,MIPSOL,5.575216255858532,52.68891743943095
F29,root_lp_matched_partial_start,0.20785300345482674,4.28408301599827,MIPSOL,5.408191957657652,52.84657119959593
F29,root_lp_matched_partial_start,0.19156146177289568,4.28408301599827,MIPSOL,5.299206820834161,53.53003936447203
F29,root_lp_matched_partial_start,0.12985315949355375,4.5963847738177,MIPSOL,5.282309329701748,81.7925971224904
F29,root_lp_matched_partial_start,0.12596102535284703,4.5963847738177,MIPSOL,5.258786973056033,81.8931131400168
F29,root_lp_matched_partial_start,0.004577102550934681,5.234716965786836,MIPSOL,5.258786973056033,90.15734279714525
F29,root_lp_matched_partial_start,0.00313279195903279,5.2423122875125765,MIPSOL,5.258786973056033,91.20104927755892
F29,root_lp_matched_partial_start,7.807404231341782e-05,5.258376398299381,terminal,5.258786973056033,91.29949192050844
F29,gnn_class_aware_partial_start,,,MIPSOL,6.988106843588776,0.15685621928423643
F29,gnn_class_aware_partial_start,,,MIPSOL,6.988106843588776,0.16590159572660923
F29,gnn_class_aware_partial_start,1.0,0.0,MIPSOL,6.907165727178515,1.6500215055420995
F29,gnn_class_aware_partial_start,1.0,0.0,MIPSOL,6.481806092053416,1.6579018319025636
F29,gnn_class_aware_partial_start,0.7749350259744824,1.4314569577454437,MIPSOL,6.360194268092319,2.2658233419060707
F29,gnn_class_aware_partial_start,0.7641194209543929,1.4314569577454437,MIPSOL,6.068566405666971,2.2728597475215793
F29,gnn_class_aware_partial_start,0.6417916402428888,2.165918485010551,MIPSOL,6.046532488742547,3.167765351012349
F29,gnn_class_aware_partial_start,0.6415275812307136,2.165918485010551,MIPSOL,6.042078474116975,3.17264655046165
F29,gnn_class_aware_partial_start,0.24454758082058434,4.415620757216811,MIPSOL,5.845001809661458,30.387424000538886
F29,gnn_class_aware_partial_start,0.240653457457788,4.415620757216811,MIPSOL,5.815027144831369,30.400142214260995
F29,gnn_class_aware_partial_start,0.23573898753375463,4.420699822478174,MIPSOL,5.784280174403664,30.99187309667468
F29,gnn_class_aware_partial_start,0.23549566500730626,4.420699822478174,MIPSOL,5.782439183317937,30.999838083982468
F29,gnn_class_aware_partial_start,0.23370000786417722,4.427231763478257,MIPSOL,5.777413296245412,31.41615823470056
F29,gnn_class_aware_partial_start,0.2166986389020748,4.427231763478257,MIPSOL,5.652015920504423,31.429562602192163
F29,gnn_class_aware_partial_start,0.2125708346548989,4.431175595828443,MIPSOL,5.627395822818453,35.206960945390165
F29,gnn_class_aware_partial_start,0.2082826026741887,4.431175595828443,MIPSOL,5.5969157818126165,35.2164989374578
F29,gnn_class_aware_partial_start,0.16380399073932828,4.431175595828443,MIPSOL,5.2992068208341445,37.73401252925396
F29,gnn_class_aware_partial_start,0.12789618779686227,4.621458470102327,MIP,5.2992068208341445,69.41396723408252
F29,gnn_class_aware_partial_start,0.05390499683209568,5.01355309394446,MIP,5.2992068208341445,99.52290940191597
F29,gnn_class_aware_partial_start,0.05032684860676461,5.028903566440714,MIPSOL,5.295404591635521,100.53804198279977
F29,gnn_class_aware_partial_start,0.04859599815734573,5.028903566440714,MIPSOL,5.285770878302872,100.61336593236774
F29,gnn_class_aware_partial_start,0.047106273065325284,5.028903566440714,MIPSOL,5.277507264758674,100.66668234020472
F29,gnn_class_aware_partial_start,0.01742170749313246,5.185564076899166,MIP,5.277507264758674,131.16829981282353
F29,gnn_class_aware_partial_start,0.00397116065358797,5.237903485143032,MIPSOL,5.258786973056033,140.56289742793888
F29,gnn_class_aware_partial_start,8.875089100294722e-05,5.258320251026579,terminal,5.258786973056033,141.93548983801156
